title1,book_url2,score3,usser_name4,time5,usser_link6
"TIL Donald Knuth is The Patron Saint of Yak Shaves - Seriously, his contributions to CS are extensive.",http://yakshav.es/the-patron-saint-of-yakshaves/?utm_content=buffer69664&utm_medium=social&utm_source=plus.google.com&utm_campaign=buffer,320,AteBitz,7 hours ago,https://www.reddit.com/user/AteBitz
nEXT Browser: A nEXT Generation Extensible Lisp Browser - Alpha,https://next-browser.github.io,678,jmercouris,19 hours ago,https://www.reddit.com/user/jmercouris
Ubuntu 17.10: Return of the GNOME,https://arstechnica.com/gadgets/2017/11/ubuntu-17-10-return-of-the-gnome/,41,mgdo,6 hours ago,https://www.reddit.com/user/mgdo
Norvig's Python programs to practice or demonstrate skills,https://github.com/norvig/pytudes,133,mgdo,15 hours ago,https://www.reddit.com/user/mgdo
You're not a Java Developer,https://oded.blog/2017/11/28/you-are-not-a-java-dev/,•,odedlaz,1 hour ago,https://www.reddit.com/user/odedlaz
How a single PostgreSQL config change improved slow query performance by 50x,https://amplitude.engineering/how-a-single-postgresql-config-change-improved-slow-query-performance-by-50x-85593b8991b0,•,RobertVandenberg,1 hour ago,https://www.reddit.com/user/RobertVandenberg
Rust GTK Tutorial Series,https://mmstick.github.io/gtkrs-tutorials/,16,mmstick,7 hours ago,https://www.reddit.com/user/mmstick
What we know about the new Intel ME vulnerabilities and their potential impact,https://mjg59.dreamwidth.org/49611.html,6,mariuz,2 hours ago,https://www.reddit.com/user/mariuz
Introduction to Contract Programming,https://www.hillelwayne.com/post/contracts/,54,halax,15 hours ago,https://www.reddit.com/user/halax
Escape is now Open Source! A Release Engineering and Deployment Tool Written in Go,https://www.ankyra.io/blog/escape-open-sourced/,49,modus_pwnens,20 hours ago,https://www.reddit.com/user/modus_pwnens
"IntelliJ IDEA 2017.3: New Preview panel for SVG editor, multiple soft limits and more",https://blog.jetbrains.com/idea/2017/11/intellij-idea-2017-3-new-preview-panel-for-svg-editor-multiple-soft-limits-and-more/,2,one_eyed_golfer,4 hours ago,https://www.reddit.com/user/one_eyed_golfer
Writing Libraries is a Good Way to Improve Your Development Skill,https://medium.com/@rvh.omni/writing-libraries-is-good-way-to-improve-your-development-skill-55b24384a120,52,GameJazzMachine,21 hours ago,https://www.reddit.com/user/GameJazzMachine
Tmux in practice series: local and nested remote tmux sessions,https://medium.com/@alexeysamoshkin/tmux-in-practice-local-and-nested-remote-tmux-sessions-4f7ba5db8795,•,alsam88,52 minutes ago,https://www.reddit.com/user/alsam88
Introducing an article series on Chrome UX report: deep dive with Google bigQuery,https://dexecure.com/blog/chrome-user-experience-report-explained-google-bigquery/,•,RatulSaha_,1 hour ago,https://www.reddit.com/user/RatulSaha_
watchOS 4 Tutorial Part 1: Getting Started,https://www.raywenderlich.com/170177/watchos-4-tutorial-part-1-getting-started,•,___atomlib___,1 hour ago,https://www.reddit.com/user/___atomlib___
What to expect in YugaByte-1.0 Release- Converging CQL and Redis implementations into a single solution.,https://blog.yugabyte.com/yugabyte-db-architecture-diverse-workloads-with-operational-simplicity-cdf82483a1fb,0,madscientist2407,3 hours ago,https://www.reddit.com/user/madscientist2407
What Can You Make with Ada?,http://www.electronicdesign.com/embedded-revolution/what-can-you-make-ada,16,Fabien_C,17 hours ago,https://www.reddit.com/user/Fabien_C
Lisp In Less Than 200 Lines Of C,https://carld.github.io/2017/06/20/lisp-in-less-than-200-lines-of-c.html,817,mgdo,1 day ago,https://www.reddit.com/user/mgdo
Analyzing the Performance of Millions of SQL Queries When Each One is a Special Snowflake,https://heap.engineering/analyzing-performance-millions-sql-queries-one-special-snowflake/,10,malisper,15 hours ago,https://www.reddit.com/user/malisper
JavaScript WebRTC Game,https://calm-fjord-40911.herokuapp.com/,0,zslava88,3 hours ago,https://www.reddit.com/user/zslava88
Advent of code 2017 dropping midnight Dec 1st EST,https://adventofcode.com/,109,lattakia,1 day ago,https://www.reddit.com/user/lattakia
How to become a Java Champion,https://vladmihalcea.com/2017/11/27/how-to-become-a-java-champion/,0,one_eyed_golfer,4 hours ago,https://www.reddit.com/user/one_eyed_golfer
Rails on Docker: Using Yarn to Manage Frontend Assets,https://www.chrisblunt.com/rails-on-docker-using-yarn-to-manage-frontend-assets/,0,one_eyed_golfer,4 hours ago,https://www.reddit.com/user/one_eyed_golfer
Your second Firefox extension in Kotlin,https://medium.com/@Cypressious/your-second-firefox-extension-in-kotlin-bafd91d87c41,0,cypressious,4 hours ago,https://www.reddit.com/user/cypressious
Understanding lazy-seq in Clojure,https://medium.com/lazy-eval/lazy-seq-in-clojure-da06f6d35971,9,somethingrandom134,16 hours ago,https://www.reddit.com/user/somethingrandom134
/r/Python official Job Board!,/r/Python/comments/75jklc/rpython_official_job_board/,45,aphoenix,1 month ago,https://www.reddit.com/user/aphoenix
What's everyone working on this week?,/r/Python/comments/7ei2o7/whats_everyone_working_on_this_week/,9,AutoModerator,6 days ago,https://www.reddit.com/user/AutoModerator
"I'm releasing a free code for the ""Automate the Boring Stuff with Python"" Udemy course",/r/Python/comments/7fxp46/im_releasing_a_free_code_for_the_automate_the/,555,AlSweigart,15 hours ago,https://www.reddit.com/user/AlSweigart
3x faster than Flask; Quart as a upgrade to Flask,https://medium.com/@pgjones/3x-faster-than-flask-8e89bfbe8e4f,219,stetio,21 hours ago,https://www.reddit.com/user/stetio
"pytest 3.3 released. built-in logging capture, new progress output and fixtures.",https://github.com/pytest-dev/pytest/blob/master/CHANGELOG.rst,•,nicoddemus,1 hour ago,https://www.reddit.com/user/nicoddemus
Free Python Games - Basic Python Games for Beginners,http://www.grantjenks.com/docs/freegames/,13,kpkaiser,10 hours ago,https://www.reddit.com/user/kpkaiser
Using Python’s Pathlib Module - Practical Business Python,http://pbpython.com/pathlib-intro.html,11,chris1610,10 hours ago,https://www.reddit.com/user/chris1610
"Junior dev for 3 weeks, LF guidance",/r/Python/comments/7g0qle/junior_dev_for_3_weeks_lf_guidance/,3,MJBAZ90,8 hours ago,https://www.reddit.com/user/MJBAZ90
Norvig's Python programs to practice or demonstrate skills,https://github.com/norvig/pytudes,51,trivialPotato,20 hours ago,https://www.reddit.com/user/trivialPotato
"Sorry Python, can't help you with that :/",/r/Python/comments/7g3ejs/sorry_python_cant_help_you_with_that/,•,AllSparks,just now,https://www.reddit.com/user/AllSparks
Very beginner friendly IDE,/r/Python/comments/7g3b6x/very_beginner_friendly_ide/,•,Sir_Cunt99,just now,https://www.reddit.com/user/Sir_Cunt99
Simple Text Based Game,/r/Python/comments/7g30or/simple_text_based_game/,•,TheChook,1 hour ago,https://www.reddit.com/user/TheChook
10 Advantages of Coding in Python,https://www.goodworklabs.com/10-kickass-advantages-of-python/,•,alzador123,1 hour ago,https://www.reddit.com/user/alzador123
Python domain anyone?,/r/Python/comments/7fyd0m/python_domain_anyone/,7,netzvolk,14 hours ago,https://www.reddit.com/user/netzvolk
Implementing a Neural Network from Scratch in Python – An Introduction,https://www.datasciencecentral.com/profiles/blogs/implementing-a-neural-network-from-scratch-in-python-an,439,psangrene,1 day ago,https://www.reddit.com/user/psangrene
"Seeking examples of argument parser using sys.argv[] directly, without argparse, getopts, et cetera",/r/Python/comments/7g2b5h/seeking_examples_of_argument_parser_using_sysargv/,0,jento_mento_mento,4 hours ago,https://www.reddit.com/user/jento_mento_mento
"Learn Complete Ruby, Python, and Java Programming",http://gainfromhere.com/learn-complete-ruby-python-and-java-programming/,0,jbwemet,4 hours ago,https://www.reddit.com/user/jbwemet
Milksnake - use cffi in setuptools. Crosspost from r/rust. Should support any language able to generate a shared object (dll),https://www.reddit.com/r/rust/comments/744mjw/milksnake_a_new_approach_for_rust_and_python/,0,pmatti,5 hours ago,https://www.reddit.com/user/pmatti
Solving differential equations : a modern stack for scientists.,http://nbviewer.jupyter.org/gist/celliern/3520a88b33c3be9e98ea3d67da37684d,6,Eryole,15 hours ago,https://www.reddit.com/user/Eryole
is sys.modules multi process safe ?,/r/Python/comments/7g1pvp/is_sysmodules_multi_process_safe/,1,xieyuheng,5 hours ago,https://www.reddit.com/user/xieyuheng
"netgraph: a python module for plotting directed, weighted networks",https://github.com/paulbrodersen/netgraph,6,burning_hamster,16 hours ago,https://www.reddit.com/user/burning_hamster
"How many of you are still on Python 2.7 branch, and what's holding you from migrating to 3.x?",/r/Python/comments/7g1g0j/how_many_of_you_are_still_on_python_27_branch_and/,0,94e7eaa64e,6 hours ago,https://www.reddit.com/user/94e7eaa64e
How To Become A Selfmade Programmer.,http://tutorafrique.com/10-ways-to-teach-yourself-to-code/,4,234students,12 hours ago,https://www.reddit.com/user/234students
Python and Database question,/r/Python/comments/7g19vz/python_and_database_question/,0,evilsniperxv,7 hours ago,https://www.reddit.com/user/evilsniperxv
My first attempt at writing about coding. Is advice like this worthwhile?,https://www.thomaseckert.org/05-wcftf,3,elumas,13 hours ago,https://www.reddit.com/user/elumas
Run a Flask application via uWSGI and Nginx,https://pycycle.info/post/8,2,pycycle,14 hours ago,https://www.reddit.com/user/pycycle
Quick survey for students and professionals on what skills make a successful data scientist in today's job market,https://docs.google.com/forms/d/e/1FAIpQLSfsptz9meNNQ3FZLOvOLuGFMBBXJ59d_O6R7fExOkLzSF733A/viewform?usp=sf_link,0,luccaman94,8 hours ago,https://www.reddit.com/user/luccaman94
