price,stock_status,title
51.77,instock availability,A Light in the Attic
53.74,instock availability,Tipping the Velvet
50.1,instock availability,Soumission
47.82,instock availability,Sharp Objects
54.23,instock availability,Sapiens: A Brief History of Humankind
22.65,instock availability,The Requiem Red
33.34,instock availability,The Dirty Little Secrets of Getting Your Dream Job
17.93,instock availability,"The Coming Woman: A Novel Based on the Life of the Infamous Feminist, Victoria Woodhull"
22.6,instock availability,The Boys in the Boat: Nine Americans and Their Epic Quest for Gold at the 1936 Berlin Olympics
52.15,instock availability,The Black Maria
13.99,instock availability,"Starving Hearts (Triangular Trade Trilogy, #1)"
20.66,instock availability,Shakespeare's Sonnets
17.46,instock availability,Set Me Free
52.29,instock availability,Scott Pilgrim's Precious Little Life (Scott Pilgrim #1)
35.02,instock availability,Rip it Up and Start Again
57.25,instock availability,"Our Band Could Be Your Life: Scenes from the American Indie Underground, 1981-1991"
23.88,instock availability,Olio
37.59,instock availability,Mesaerion: The Best Science Fiction Stories 1800-1849
51.33,instock availability,Libertarianism for Beginners
45.17,instock availability,It's Only the Himalayas
12.84,instock availability,In Her Wake
37.32,instock availability,How Music Works
30.52,instock availability,"Foolproof Preserving: A Guide to Small Batch Jams, Jellies, Pickles, Condiments, and More: A Foolproof Guide to Making Small Batch Jams, Jellies, Pickles, Condiments, and More"
25.27,instock availability,Chase Me (Paris Nights #2)
34.53,instock availability,Black Dust
54.64,instock availability,Birdsong: A Story in Pictures
22.5,instock availability,America's Cradle of Quarterbacks: Western Pennsylvania's Football Factory from Johnny Unitas to Joe Montana
53.13,instock availability,Aladdin and His Wonderful Lamp
40.3,instock availability,Worlds Elsewhere: Journeys Around Shakespeare’s Globe
44.18,instock availability,Wall and Piece
17.66,instock availability,The Four Agreements: A Practical Guide to Personal Freedom
31.05,instock availability,The Five Love Languages: How to Express Heartfelt Commitment to Your Mate
23.82,instock availability,The Elephant Tree
36.89,instock availability,The Bear and the Piano
15.94,instock availability,Sophie's World
33.29,instock availability,Penny Maybe
18.02,instock availability,Maude (1883-1993):She Grew Up with the country
19.63,instock availability,"In a Dark, Dark Wood"
52.22,instock availability,Behind Closed Doors
33.63,instock availability,You can't bury them all: Poems
57.31,instock availability,Slow States of Collapse: Poems
26.41,instock availability,Reasons to Stay Alive
47.61,instock availability,Private Paris (Private #10)
23.11,instock availability,#HigherSelfie: Wake Up Your Life. Free Your Soul. Find Your Tribe.
45.07,instock availability,Without Borders (Wanderlove #1)
31.77,instock availability,When We Collided
50.27,instock availability,"We Love You, Charlie Freeman"
14.27,instock availability,Untitled Collection: Sabbath Poems 2014
44.18,instock availability,"Unseen City: The Majesty of Pigeons, the Discreet Charm of Snails & Other Wonders of the Urban Wilderness"
18.78,instock availability,Unicorn Tracks
25.52,instock availability,"Unbound: How Eight Technologies Made Us Human, Transformed Society, and Brought Our World to the Brink"
16.28,instock availability,Tsubasa: WoRLD CHRoNiCLE 2 (Tsubasa WoRLD CHRoNiCLE #2)
31.12,instock availability,Throwing Rocks at the Google Bus: How Growth Became the Enemy of Prosperity
19.49,instock availability,This One Summer
17.27,instock availability,Thirst
19.09,instock availability,The Torch Is Passed: A Harding Family Story
56.13,instock availability,The Secret of Dreadwillow Carse
56.41,instock availability,"The Pioneer Woman Cooks: Dinnertime: Comfort Classics, Freezer Food, 16-Minute Meals, and Other Delicious Ways to Solve Supper!"
56.5,instock availability,The Past Never Ends
45.22,instock availability,The Natural History of Us (The Fine Art of Pretending #2)
38.16,instock availability,The Nameless City (The Nameless City #1)
54.11,instock availability,The Murder That Never Was (Forensic Instincts #5)
42.96,instock availability,The Most Perfect Thing: Inside (and Outside) a Bird's Egg
23.89,instock availability,"The Mindfulness and Acceptance Workbook for Anxiety: A Guide to Breaking Free from Anxiety, Phobias, and Worry Using Acceptance and Commitment Therapy"
16.77,instock availability,The Life-Changing Magic of Tidying Up: The Japanese Art of Decluttering and Organizing
20.59,instock availability,"The Inefficiency Assassin: Time Management Tactics for Working Smarter, Not Longer"
37.13,instock availability,The Gutsy Girl: Escapades for Your Life of Epic Adventure
56.06,instock availability,The Electric Pencil: Drawings from Inside State Hospital No. 3
58.11,instock availability,The Death of Humanity: and the Case for Life
49.05,instock availability,"The Bulletproof Diet: Lose up to a Pound a Day, Reclaim Energy and Focus, Upgrade Your Life"
40.76,instock availability,The Art Forger
19.73,instock availability,The Age of Genius: The Seventeenth Century and the Birth of the Modern Mind
32.24,instock availability,The Activist's Tao Te Ching: Ancient Advice for a Modern Revolution
41.83,instock availability,Spark Joy: An Illustrated Master Class on the Art of Organizing and Tidying Up
39.58,instock availability,Soul Reader
39.25,instock availability,Security
25.02,instock availability,"Saga, Volume 6 (Saga (Collected Editions) #6)"
51.04,instock availability,"Saga, Volume 5 (Saga (Collected Editions) #5)"
19.83,instock availability,Reskilling America: Learning to Labor in the Twenty-First Century
50.4,instock availability,"Rat Queens, Vol. 3: Demons (Rat Queens (Collected Editions) #11-15)"
13.61,instock availability,"Princess Jellyfish 2-in-1 Omnibus, Vol. 01 (Princess Jellyfish 2-in-1 Omnibus #1)"
13.34,instock availability,Princess Between Worlds (Wide-Awake Princess #5)
18.97,instock availability,"Pop Gun War, Volume 1: Gift"
36.28,instock availability,"Political Suicide: Missteps, Peccadilloes, Bad Calls, Backroom Hijinx, Sordid Pasts, Rotten Breaks, and Just Plain Dumb Mistakes in the Annals of American Politics"
10.16,instock availability,Patience
15.44,instock availability,"Outcast, Vol. 1: A Darkness Surrounds Him (Outcast #1)"
48.41,instock availability,orange: The Complete Collection 1 (orange: The Complete Collection #1)
46.35,instock availability,Online Marketing for Busy Authors: A Step-By-Step Guide
14.07,instock availability,On a Midnight Clear
14.86,instock availability,Obsidian (Lux #1)
33.37,instock availability,My Paris Kitchen: Recipes and Stories
56.4,instock availability,Masks and Shadows
14.02,instock availability,"Mama Tried: Traditional Italian Cooking for the Screwed, Crude, Vegan, and Tattooed"
46.91,instock availability,"Lumberjanes, Vol. 2: Friendship to the Max (Lumberjanes #5-8)"
45.61,instock availability,"Lumberjanes, Vol. 1: Beware the Kitten Holy (Lumberjanes #1-4)"
19.92,instock availability,Lumberjanes Vol. 3: A Terrible Plan (Lumberjanes #9-12)
40.11,instock availability,"Layered: Baking, Building, and Styling Spectacular Cakes"
53.9,instock availability,Judo: Seven Steps to Black Belt (an Introductory Guide for Beginners)
35.67,instock availability,Join
22.0,instock availability,In the Country We Love: My Family Divided
57.36,instock availability,Immunity: How Elie Metchnikoff Changed the Course of Modern Medicine
29.17,instock availability,"I Hate Fairyland, Vol. 1: Madly Ever After (I Hate Fairyland (Compilations) #1-5)"
54.63,instock availability,I am a Hero Omnibus Volume 1
46.03,instock availability,How to Be Miserable: 40 Strategies You Already Use
33.97,instock availability,Her Backup Boyfriend (The Sorensen Family #1)
22.11,instock availability,"Giant Days, Vol. 2 (Giant Days #5-8)"
29.69,instock availability,Forever and Forever: The Courtship of Henry Longfellow and Fanny Appleton
15.97,instock availability,First and First (Five Boroughs #3)
21.96,instock availability,Fifty Shades Darker (Fifty Shades #2)
54.35,instock availability,Everydata: The Misinformation Hidden in the Little Data You Consume Every Day
37.97,instock availability,"Don't Be a Jerk: And Other Practical Advice from Dogen, Japan's Greatest Zen Master"
51.99,instock availability,Danganronpa Volume 1
43.29,instock availability,Crown of Midnight (Throne of Glass #2)
36.72,instock availability,"Codename Baboushka, Volume 1: The Conclave of Death"
17.08,instock availability,Camp Midnight
29.14,instock availability,Call the Nurse: True Stories of a Country Nurse on a Scottish Isle
28.81,instock availability,Burning
49.46,instock availability,Bossypants
37.92,instock availability,"Bitch Planet, Vol. 1: Extraordinary Machine (Bitch Planet (Collected Editions))"
28.09,instock availability,"Avatar: The Last Airbender: Smoke and Shadow, Part 3 (Smoke and Shadow #3)"
30.81,instock availability,Algorithms to Live By: The Computer Science of Human Decisions
42.95,instock availability,A World of Flavor: Your Gluten Free Passport
56.76,instock availability,"A Piece of Sky, a Grain of Rice: A Memoir in Four Meditations"
16.64,instock availability,A Murder in Time
55.53,instock availability,A Flight of Arrows (The Pathfinders #2)
28.13,instock availability,A Fierce and Subtle Poison
52.37,instock availability,A Court of Thorns and Roses (A Court of Thorns and Roses #1)
54.0,instock availability,(Un)Qualified: How God Uses Broken People to Do Big Things
21.87,instock availability,You Are What You Love: The Spiritual Power of Habit
43.3,instock availability,"William Shakespeare's Star Wars: Verily, A New Hope (William Shakespeare's Star Wars #4)"
21.04,instock availability,Tuesday Nights in 1980
41.6,instock availability,Tracing Numbers on a Train
35.07,instock availability,Throne of Glass (Throne of Glass #1)
59.64,instock availability,Thomas Jefferson and the Tripoli Pirates: The Forgotten War That Changed American History
52.72,instock availability,Thirteen Reasons Why
58.08,instock availability,The White Cat and the Monk: A Retelling of the Poem “Pangur Bán”
24.12,instock availability,The Wedding Dress
42.15,instock availability,The Vacationers
12.61,instock availability,The Third Wave: An Entrepreneur’s Vision of the Future
17.44,instock availability,The Stranger
33.14,instock availability,The Shadow Hero (The Shadow Hero)
27.37,instock availability,The Secret (The Secret #1)
51.36,instock availability,The Regional Office Is Under Attack!
36.0,instock availability,The Psychopath Test: A Journey Through the Madness Industry
10.65,instock availability,The Project
43.54,instock availability,The Power of Now: A Guide to Spiritual Enlightenment
38.21,instock availability,The Omnivore's Dilemma: A Natural History of Four Meals
37.34,instock availability,The Nerdy Nummies Cookbook: Sweet Treats for the Geek in All of Us
44.1,instock availability,The Murder of Roger Ackroyd (Hercule Poirot #4)
43.29,instock availability,The Mistake (Off-Campus #2)
55.85,instock availability,The Matchmaker's Playbook (Wingmen Inc. #1)
37.6,instock availability,The Love and Lemons Cookbook: An Apple-to-Zucchini Celebration of Impromptu Cooking
10.97,instock availability,The Long Shadow of Small Ghosts: Murder and Memory in an American City
41.82,instock availability,The Kite Runner
36.95,instock availability,The House by the Lake
44.28,instock availability,The Glittering Court (The Glittering Court #1)
55.02,instock availability,The Girl on the Train
17.24,instock availability,The Genius of Birds
23.15,instock availability,The Emerald Mystery
41.25,instock availability,The Cookies & Cups Cookbook: 125+ sweet & savory recipes reminding you to Always Eat Dessert First
32.0,instock availability,The Bridge to Consciousness: I'm Writing the Bridge Between Science and Our Old and New Beliefs.
38.49,instock availability,The Artist's Way: A Spiritual Path to Higher Creativity
33.34,instock availability,The Art of War
10.93,instock availability,The Argonauts
27.55,instock availability,The 10% Entrepreneur: Live Your Startup Dream Without Quitting Your Day Job
55.99,instock availability,Suddenly in Love (Lake Haven #1)
16.24,instock availability,Something More Than This
26.12,instock availability,Soft Apocalypse
12.23,instock availability,So You've Been Publicly Shamed
23.99,instock availability,Shoe Dog: A Memoir by the Creator of NIKE
29.06,instock availability,"Shobu Samurai, Project Aryoku (#3)"
20.27,instock availability,Secrets and Lace (Fatal Hearts #1)
43.55,instock availability,Scarlett Epstein Hates It Here
36.94,instock availability,Romero and Juliet: A Tragic Tale of Love and Zombies
20.47,instock availability,Redeeming Love
41.06,instock availability,Poses for Artists Volume 1 - Dynamic and Sitting Poses: An Essential Reference for Figure Drawing and the Human Form
14.19,instock availability,Poems That Make Grown Women Cry
38.28,instock availability,"Nightingale, Sing"
41.05,instock availability,Night Sky with Exit Wounds
30.25,instock availability,Mrs. Houdini
28.26,instock availability,Modern Romance
10.76,instock availability,Miss Peregrine’s Home for Peculiar Children (Miss Peregrine’s Peculiar Children #1)
16.85,instock availability,Louisa: The Extraordinary Life of Mrs. Adams
13.47,instock availability,Little Red
48.56,instock availability,Library of Souls (Miss Peregrine’s Peculiar Children #3)
19.15,instock availability,Large Print Heart of the Pride
57.36,instock availability,I Had a Nice Time And Other Lies...: How to find love & sh*t like that
42.98,instock availability,Hollow City (Miss Peregrine’s Peculiar Children #2)
22.16,instock availability,Grumbles
49.43,instock availability,Full Moon over Noah’s Ark: An Odyssey to Mount Ararat and Beyond
29.99,instock availability,Frostbite (Vampire Academy #2)
21.36,instock availability,Follow You Home
29.0,instock availability,First Steps for New Christians (Print Edition)
53.53,instock availability,Finders Keepers (Bill Hodges Trilogy #2)
41.62,instock availability,"Fables, Vol. 1: Legends in Exile (Fables #1)"
54.59,instock availability,Eureka Trivia 6.0
34.95,instock availability,Drive: The Surprising Truth About What Motivates Us
37.72,instock availability,Done Rubbed Out (Reightman & Bailey #1)
35.61,instock availability,Doing It Over (Most Likely To #1)
42.16,instock availability,"Deliciously Ella Every Day: Quick and Easy Recipes for Gluten-Free Snacks, Packed Lunches, and Simple Meals"
19.19,instock availability,Dark Notes
19.43,instock availability,"Daring Greatly: How the Courage to Be Vulnerable Transforms the Way We Live, Love, Parent, and Lead"
49.46,instock availability,Close to You
37.8,instock availability,Chasing Heaven: What Dying Taught Me About Living
30.8,instock availability,Big Magic: Creative Living Beyond Fear
27.43,instock availability,Becoming Wise: An Inquiry into the Mystery and Art of Living
11.11,instock availability,Beauty Restored (Riley Family Legacy Novellas #3)
36.5,instock availability,Batman: The Long Halloween (Batman)
15.38,instock availability,Batman: The Dark Knight Returns (Batman)
15.48,instock availability,Ayumi's Violin
46.82,instock availability,Anonymous
18.46,instock availability,Amy Meets the Saints and Sages
36.58,instock availability,Amid the Chaos
50.54,instock availability,Amatus
12.51,instock availability,Agnostic: A Spirited Manifesto
24.7,instock availability,Zealot: The Life and Times of Jesus of Nazareth
43.61,instock availability,You (You #1)
37.34,instock availability,"Wonder Woman: Earth One, Volume One (Wonder Woman: Earth One #1)"
14.36,instock availability,Wild Swans
52.65,instock availability,Why the Right Went Wrong: Conservatism--From Goldwater to the Tea Party and Beyond
38.2,instock availability,Whole Lotta Creativity Going On: 60 Fun and Unusual Exercises to Awaken and Strengthen Your Creativity
19.6,instock availability,What's It Like in Space?: Stories from Astronauts Who've Been There
53.9,instock availability,"We Are Robin, Vol. 1: The Vigilante Business (We Are Robin #1)"
12.96,instock availability,Walt Disney's Alice in Wonderland
37.1,instock availability,V for Vendetta (V for Vendetta Complete)
46.31,instock availability,Until Friday Night (The Field Party #1)
45.95,instock availability,"Unbroken: A World War II Story of Survival, Resilience, and Redemption"
22.08,instock availability,Twenty Yawns
25.38,instock availability,Through the Woods
27.12,instock availability,This Is Where It Ends
43.04,instock availability,The Year of Magical Thinking
56.8,instock availability,The Wright Brothers
25.91,instock availability,The White Queen (The Cousins' War #1)
32.61,instock availability,The Wedding Pact (The O'Malleys #2)
27.88,instock availability,The Time Keeper
52.67,instock availability,The Testament of Mary
46.02,instock availability,The Star-Touched Queen
44.48,instock availability,The Songs of the Gods
37.4,instock availability,The Song of Achilles
54.04,instock availability,The Rosie Project (Don Tillman #1)
16.88,instock availability,The Power of Habit: Why We Do What We Do in Life and Business
28.08,instock availability,The Marriage of Opposites
10.4,instock availability,The Lucifer Effect: Understanding How Good People Turn Evil
44.07,instock availability,The Long Haul (Diary of a Wimpy Kid #9)
23.4,instock availability,The Loney
17.43,instock availability,The Literature Book (Big Ideas Simply Explained)
54.21,instock availability,The Last Mile (Amos Decker #2)
40.67,instock availability,The Immortal Life of Henrietta Lacks
52.26,instock availability,The Hidden Oracle (The Trials of Apollo #1)
28.77,instock availability,The Help Yourself Cookbook for Kids: 60 Easy Plant-Based Recipes Kids Can Make to Stay Healthy and Save the Earth
13.82,instock availability,The Guilty (Will Robie #4)
25.85,instock availability,The First Hostage (J.B. Collins #2)
48.78,instock availability,The Dovekeepers
35.35,instock availability,The Darkest Lie
44.73,instock availability,The Bane Chronicles (The Bane Chronicles #1-11)
15.77,instock availability,The Bad-Ass Librarians of Timbuktu: And Their Race to Save the World’s Most Precious Manuscripts
39.24,instock availability,The 14th Colony (Cotton Malone #11)
13.92,instock availability,That Darkness (Gardiner and Renner #1)
10.69,instock availability,Tastes Like Fear (DI Marnie Rome #3)
45.21,instock availability,Take Me with You
45.58,instock availability,Swell: A Year of Waves
11.89,instock availability,Superman Vol. 1: Before Truth (Superman by Gene Luen Yang #1)
26.41,instock availability,Still Life with Bread Crumbs
39.5,instock availability,Steve Jobs
44.74,instock availability,Sorting the Beef from the Bull: The Science of Food Fraud Forensics
52.79,instock availability,Someone Like You (The Harrisons #2)
35.43,instock availability,"So Cute It Hurts!!, Vol. 6 (So Cute It Hurts!! #6)"
55.84,instock availability,Shtum
48.87,instock availability,See America: A Celebration of Our National Parks & Treasured Sites
46.78,instock availability,salt.
47.82,instock availability,Robin War
25.48,instock availability,"Red Hood/Arsenal, Vol. 1: Open for Business (Red Hood/Arsenal #1)"
23.57,instock availability,Rain Fish
50.89,instock availability,"Quarter Life Poetry: Poems for the Young, Broke and Hangry"
10.56,instock availability,Pet Sematary
52.15,instock availability,"Overload: How to Unplug, Unwind, and Unleash Yourself from the Pressure of Stress"
18.28,instock availability,Once Was a Time
11.83,instock availability,Old School (Diary of a Wimpy Kid #10)
21.95,instock availability,No Dream Is Too High: Life Lessons From a Man Who Walked on the Moon
38.39,instock availability,"Naruto (3-in-1 Edition), Vol. 14: Includes Vols. 40, 41 & 42 (Naruto: Omnibus #14)"
41.56,instock availability,My Name Is Lucy Barton
24.48,instock availability,My Mrs. Brown
40.36,instock availability,My Kind of Crazy
28.9,instock availability,Mr. Mercedes (Bill Hodges Trilogy #1)
37.61,instock availability,More Than Music (Chasing the Dream #1)
38.85,instock availability,Made to Stick: Why Some Ideas Survive and Others Die
53.95,instock availability,Luis Paints the World
49.83,instock availability,Luckiest Girl Alive
51.51,instock availability,Lowriders to the Center of the Earth (Lowriders in Space #2)
18.03,instock availability,Love Is a Mix Tape (Music #1)
29.14,instock availability,Looking for Lovely: Collecting the Moments that Matter
46.91,instock availability,"Living Leadership by Insight: A Good Leader Achieves, a Great Leader Builds Monuments"
26.79,instock availability,Let It Out: A Journey Through Journaling
16.28,instock availability,Lady Midnight (The Dark Artifices #1)
19.55,instock availability,"It's All Easy: Healthy, Delicious Weeknight Meals in under 30 Minutes"
29.65,instock availability,Island of Dragons (Unwanteds #7)
25.98,instock availability,I Know What I'm Doing -- and Other Lies I Tell Myself: Dispatches from a Life Under Construction
10.6,instock availability,I Am Pilgrim (Pilgrim #1)
14.75,instock availability,"Hyperbole and a Half: Unfortunate Situations, Flawed Coping Mechanisms, Mayhem, and Other Things That Happened"
47.02,instock availability,"Hush, Hush (Hush, Hush #1)"
28.82,instock availability,Hold Your Breath (Search and Rescue #1)
58.79,instock availability,Hamilton: The Revolution
10.23,instock availability,Greek Mythic History
30.03,instock availability,God: The Most Unpleasant Character in All Fiction
45.84,instock availability,Glory over Everything: Beyond The Kitchen House
49.05,instock availability,Feathers: Displays of Brilliant Plumage
15.06,instock availability,"Far & Away: Places on the Brink of Change: Seven Continents, Twenty-Five Years"
46.47,instock availability,Every Last Word
27.09,instock availability,Eligible (The Austen Project #4)
57.62,instock availability,El Deafo
14.39,instock availability,Eight Hundred Grapes
51.75,instock availability,"Eaternity: More than 150 Deliciously Easy Vegan Recipes for a Long, Healthy, Satisfied, Joyful Life"
54.07,instock availability,"Eat Fat, Get Thin"
55.35,instock availability,Don't Get Caught
40.12,instock availability,Doctor Sleep (The Shining #2)
37.51,instock availability,Demigods & Magicians: Percy and Annabeth Meet the Kanes (Percy Jackson & Kane Chronicles Crossover #1-3)
11.21,instock availability,Dear Mr. Knightley
36.58,instock availability,Daily Fantasy Sports
47.72,instock availability,Crazy Love: Overwhelmed by a Relentless God
25.01,instock availability,Cometh the Hour (The Clifton Chronicles #6)
22.13,instock availability,Code Name Verity (Code Name Verity #1)
44.14,instock availability,Clockwork Angel (The Infernal Devices #1)
56.02,instock availability,City of Glass (The Mortal Instruments #3)
11.23,instock availability,City of Fallen Angels (The Mortal Instruments #4)
43.28,instock availability,City of Bones (The Mortal Instruments #1)
47.27,instock availability,City of Ashes (The Mortal Instruments #2)
20.29,instock availability,Cell
50.83,instock availability,Catching Jordan (Hundred Oaks)
31.85,instock availability,"Carry On, Warrior: Thoughts on Life Unarmed"
46.23,instock availability,Carrie
37.8,instock availability,Buying In: The Secret Dialogue Between What We Buy and Who We Are
49.32,instock availability,Brain on Fire: My Month of Madness
32.01,instock availability,Batman: Europa
28.01,instock availability,Barefoot Contessa Back to Basics
50.62,instock availability,Barefoot Contessa at Home: Everyday Recipes You'll Make Over and Over Again
17.03,instock availability,Balloon Animals
48.8,instock availability,Art Ops Vol. 1
58.14,instock availability,Aristotle and Dante Discover the Secrets of the Universe (Aristotle and Dante Discover the Secrets of the Universe #1)
34.2,instock availability,Angels Walking (Angels Walking #1)
51.48,instock availability,Angels & Demons (Robert Langdon #1)
29.87,instock availability,All the Light We Cannot See
10.9,instock availability,"Adulthood Is a Myth: A ""Sarah's Scribbles"" Collection"
56.37,instock availability,Abstract City
48.35,instock availability,A Time of Torment (Charlie Parker #14)
16.73,instock availability,A Study in Scarlet (Sherlock Holmes #1)
56.48,instock availability,"A Series of Catastrophes and Miracles: A True Story of Love, Science, and Cancer"
40.79,instock availability,A People's History of the United States
39.72,instock availability,A Man Called Ove
14.58,instock availability,A Distant Mirror: The Calamitous 14th Century
55.51,instock availability,A Brush of Wings (Angels Walking #3)
21.8,instock availability,1491: New Revelations of the Americas Before Columbus
13.33,instock availability,"The Three Searches, Meaning, and the Story"
38.73,instock availability,Searching for Meaning in Gailana
37.86,instock availability,Rook
11.53,instock availability,My Kitchen Year: 136 Recipes That Saved My Life
27.06,instock availability,13 Hours: The Inside Account of What Really Happened In Benghazi
13.86,instock availability,Will You Won't You Want Me?
37.55,instock availability,Tipping Point for Planet Earth: How Close Are We to the Edge?
32.3,instock availability,The Star-Touched Queen
46.29,instock availability,The Silent Sister (Riley MacPherson #1)
26.2,instock availability,The Midnight Watch: A Novel of the Titanic and the Californian
33.26,instock availability,The Lonely City: Adventures in the Art of Being Alone
59.15,instock availability,The Gray Rhino: How to Recognize and Act on the Obvious Dangers We Ignore
39.43,instock availability,The Golden Condom: And Other Essays on Love Lost and Found
14.44,instock availability,The Epidemic (The Program 0.6)
56.54,instock availability,The Dinner Party
59.9,instock availability,The Diary of a Young Girl
11.88,instock availability,The Children
48.05,instock availability,Stars Above (The Lunar Chronicles #4.5)
21.21,instock availability,Snatched: How A Drug Queen Went Undercover for the DEA and Was Kidnapped By Colombian Guerillas
49.67,instock availability,Raspberry Pi Electronics Projects for the Evil Genius
43.14,instock availability,Quench Your Own Thirst: Business Lessons Learned Over a Beer or Two
36.97,instock availability,Psycho: Sanitarium (Psycho #1.5)
26.8,instock availability,Poisonous (Max Revere Novels #3)
15.71,instock availability,One with You (Crossfire #5)
54.65,instock availability,No Love Allowed (Dodge Cove #1)
54.36,instock availability,Murder at the 42nd Street Library (Raymond Ambler #1)
35.28,instock availability,Most Wanted
20.55,instock availability,"Love, Lies and Spies"
58.32,instock availability,How to Speak Golf: An Illustrated Guide to Links Lingo
11.84,instock availability,Hide Away (Eve Duncan #20)
41.46,instock availability,Furiously Happy: A Funny Book About Horrible Things
20.1,instock availability,Everyday Italian: 125 Simple and Delicious Recipes
56.86,instock availability,Equal Is Unfair: America's Misguided Fight Against Income Inequality
56.51,instock availability,Eleanor & Park
40.83,instock availability,Dirty (Dive Bar #1)
48.64,instock availability,Can You Keep a Secret? (Fear Street Relaunch #4)
59.48,instock availability,Boar Island (Anna Pigeon #19)
39.01,instock availability,A Paris Apartment
38.77,instock availability,"A la Mode: 120 Recipes in 60 Pairings: Pies, Tarts, Cakes, Crisps, and More Topped with Ice Cream, Gelato, Frozen Custard, and More"
48.39,instock availability,Troublemaker: Surviving Hollywood and Scientology
27.26,instock availability,The Widow
11.68,instock availability,"The Sleep Revolution: Transforming Your Life, One Night at a Time"
59.45,instock availability,The Improbability of Love
21.0,instock availability,The Art of Startup Fundraising
53.98,instock availability,Take Me Home Tonight (Rock Star Romance #3)
48.74,instock availability,Sleeping Giants (Themis Files #1)
21.15,instock availability,"Setting the World on Fire: The Brief, Astonishing Life of St. Catherine of Siena"
13.71,instock availability,Playing with Fire
47.67,instock availability,Off the Hook (Fishing for Trouble #1)
13.34,instock availability,Mothering Sunday
16.89,instock availability,"Mother, Can You Not?"
27.18,instock availability,M Train
17.28,instock availability,Lilac Girls
45.14,instock availability,Lies and Other Acts of Love
40.85,instock availability,Lab Girl
20.46,instock availability,Keep Me Posted
56.27,instock availability,It Didn't Start with You: How Inherited Family Trauma Shapes Who We Are and How to End the Cycle
48.49,instock availability,Grey (Fifty Shades #4)
51.34,instock availability,"Exit, Pursued by a Bear"
16.34,instock availability,Daredevils
20.5,instock availability,Cravings: Recipes for What You Want to Eat
21.59,instock availability,Born for This: How to Find the Work You Were Meant to Do
21.36,instock availability,Arena
20.88,instock availability,Adultery
19.53,instock availability,A Mother's Reckoning: Living in the Aftermath of Tragedy
14.75,instock availability,A Gentleman's Position (Society of Gentlemen #3)
48.48,instock availability,11/22/63
24.57,instock availability,"10% Happier: How I Tamed the Voice in My Head, Reduced Stress Without Losing My Edge, and Found Self-Help That Actually Works"
49.71,instock availability,10-Day Green Smoothie Cleanse: Lose Up to 15 Pounds in 10 Days!
48.27,instock availability,Without Shame
58.05,instock availability,Watchmen
58.87,instock availability,Unlimited Intuition Now
11.82,instock availability,Underlying Notes
28.03,instock availability,The Shack
44.05,instock availability,The New Brand You: Your New Image Makes the Sale for You
12.34,instock availability,"The Moosewood Cookbook: Recipes from Moosewood Restaurant, Ithaca, New York"
16.68,instock availability,The Flowers Lied
55.91,instock availability,"The Fabric of the Cosmos: Space, Time, and the Texture of Reality"
24.57,instock availability,The Book of Mormon
52.98,instock availability,The Art and Science of Low Carbohydrate Living
54.4,instock availability,The Alien Club
54.81,instock availability,Suzie Snowflake: One beautiful flake (a self-esteem story)
25.08,instock availability,Nap-a-Roo
10.41,instock availability,"NaNo What Now? Finding your editing process, revising your NaNoWriMo book and building a writing career through publishing and beyond"
47.44,instock availability,Modern Day Fables
20.91,instock availability,If I Gave You God's Phone Number....: Searching for Spirituality in America
33.95,instock availability,"Fruits Basket, Vol. 9 (Fruits Basket #9)"
43.68,instock availability,Dress Your Family in Corduroy and Denim
33.23,instock availability,Don't Forget Steven
35.92,instock availability,Chernobyl 01:23:40: The Incredible True Story of the World's Worst Nuclear Disaster
48.63,instock availability,Art and Fear: Observations on the Perils (and Rewards) of Artmaking
56.63,instock availability,A Shard of Ice (The Black Symphony Saga #1)
50.49,instock availability,A Hero's Curse (The Unseen Chronicles #1)
35.79,instock availability,23 Degrees South: A Tropical Tale of Changing Whether...
34.06,instock availability,"Zero to One: Notes on Startups, or How to Build the Future"
17.76,instock availability,Why Not Me?
39.36,instock availability,When Breath Becomes Air
36.94,instock availability,Vagabonding: An Uncommon Guide to the Art of Long-Term World Travel
43.62,instock availability,The Unlikely Pilgrimage of Harold Fry (Harold Fry #1)
43.02,instock availability,The New Drawing on the Right Side of the Brain
28.45,instock availability,"The Midnight Assassin: Panic, Scandal, and the Hunt for America's First Serial Killer"
41.39,instock availability,The Martian (The Martian #1)
51.15,instock availability,The High Mountains of Portugal
35.88,instock availability,The Grownup
36.91,instock availability,The E-Myth Revisited: Why Most Small Businesses Don't Work and What to Do About It
28.93,instock availability,South of Sunshine
38.89,instock availability,Smarter Faster Better: The Secrets of Being Productive in Life and Business
58.33,instock availability,Silence in the Dark (Logan Point #4)
39.67,instock availability,Shadows of the Past (Logan Point #1)
14.1,instock availability,Roller Girl
21.82,instock availability,Rising Strong
54.21,instock availability,Proofs of God: Classical Arguments from Tertullian to Barth
31.19,instock availability,Please Kill Me: The Uncensored Oral History of Punk
53.64,instock availability,Out of Print: City Lights Spotlight No. 14
36.39,instock availability,My Life Next Door (My Life Next Door )
58.54,instock availability,Miller's Valley
29.48,instock availability,Man's Search for Meaning
25.06,instock availability,"Love That Boy: What Two Presidents, Eight Road Trips, and My Son Taught Me About a Parent's Expectations"
12.55,instock availability,Living Forward: A Proven Plan to Stop Drifting and Get the Life You Want
29.04,instock availability,Les Fleurs du Mal
40.72,instock availability,Left Behind (Left Behind #1)
45.05,instock availability,Kill 'Em and Leave: Searching for James Brown and the American Soul
47.13,instock availability,Kierkegaard: A Christian Missionary to Christians
20.22,instock availability,John Vassos: Industrial Design for Modern Life
56.48,instock availability,I'll Give You the Sun
44.21,instock availability,I Will Find You
21.96,instock availability,Hystopia: A Novel
40.45,instock availability,Howl and Other Poems
10.29,instock availability,History of Beauty
52.86,instock availability,Heaven is for Real: A Little Boy's Astounding Story of His Trip to Heaven and Back
55.65,instock availability,Future Shock (Future Shock #1)
43.64,instock availability,Ender's Game (The Ender Quintet #1)
28.41,instock availability,Diary of a Citizen Scientist: Chasing Tiger Beetles and Other New Ways of Engaging the World
37.51,instock availability,Death by Leisure: A Cautionary Tale
11.45,instock availability,Brilliant Beacons: A History of the American Lighthouse
19.22,instock availability,Brazen: The Courage to Find the You That's Been Hiding
56.91,instock availability,Between the World and Me
55.06,instock availability,Being Mortal: Medicine and What Matters in the End
13.2,instock availability,"A Murder Over a Girl: Justice, Gender, Junior High"
53.63,instock availability,32 Yolks
44.48,instock availability,"""Most Blessed of the Patriarchs"": Thomas Jefferson and the Empire of the Imagination"
12.08,instock availability,You Are a Badass: How to Stop Doubting Your Greatness and Start Living an Awesome Life
22.14,instock availability,Wildlife of New York: A Five-Borough Coloring Book
25.37,instock availability,What Happened on Beale Street (Secrets of the South Mysteries #2)
46.33,instock availability,Unreasonable Hope: Finding Faith in the God Who Brings Purpose to Your Pain
37.33,instock availability,Under the Tuscan Sun
25.55,instock availability,Toddlers Are A**holes: It's Not Your Fault
34.72,instock availability,The Year of Living Biblically: One Man's Humble Quest to Follow the Bible as Literally as Possible
35.96,instock availability,The Whale
41.14,instock availability,The Story of Art
10.01,instock availability,The Origin of Species
36.05,instock availability,The Great Gatsby
49.03,instock availability,The Good Girl
16.24,instock availability,The Glass Castle
39.55,instock availability,The Faith of Christopher Hitchens: The Restless Soul of the World's Most Notorious Atheist
35.67,instock availability,The Drowning Girls
16.62,instock availability,The Constant Princess (The Tudor Court #1)
42.78,instock availability,The Bourne Identity (Jason Bourne #1)
52.3,instock availability,The Bachelor Girl's Guide to Murder (Herringford and Watts Mysteries #1)
32.34,instock availability,The Art Book
33.17,instock availability,The 7 Habits of Highly Effective People: Powerful Lessons in Personal Change
20.12,instock availability,Team of Rivals: The Political Genius of Abraham Lincoln
20.9,instock availability,Steal Like an Artist: 10 Things Nobody Told You About Being Creative
20.9,instock availability,"Sit, Stay, Love"
40.2,instock availability,Sister Dear
52.87,instock availability,"Shrunken Treasures: Literary Classics, Short, Sweet, and Silly"
51.74,instock availability,"Rich Dad, Poor Dad"
34.41,instock availability,Raymie Nightingale
32.38,instock availability,Playing from the Heart
50.35,instock availability,Nightstruck: A Novel
11.38,instock availability,"Naturally Lean: 125 Nourishing Gluten-Free, Plant-Based Recipes--All Under 300 Calories"
43.58,instock availability,Meternity
49.67,instock availability,Memoirs of a Geisha
28.77,instock availability,Like Never Before (Walker Family #2)
13.22,instock availability,Life of Pi
51.17,instock availability,Leave This Song Behind: Teen Poetry at Its Best
39.61,instock availability,King's Folly (The Kinsman Chronicles #1)
57.43,instock availability,John Adams
46.01,instock availability,How to Cook Everything Vegetarian: Simple Meatless Recipes for Great Food (How to Cook Everything)
28.25,instock availability,How to Be a Domestic Goddess: Baking and the Art of Comfort Cooking
37.05,instock availability,Good in Bed (Cannie Shapiro #1)
19.57,instock availability,"Fruits Basket, Vol. 7 (Fruits Basket #7)"
45.13,instock availability,For the Love: Fighting for Grace in a World of Impossible Standards
46.64,instock availability,Finding God in the Ruins: How God Redeems Pain
12.16,instock availability,Every Heart a Doorway (Every Heart A Doorway #1)
20.89,instock availability,Delivering the Truth (Quaker Midwife Mystery #1)
17.97,instock availability,Counted With the Stars (Out from Egypt #1)
52.6,instock availability,"Chronicles, Vol. 1"
25.77,instock availability,Blue Like Jazz: Nonreligious Thoughts on Christian Spirituality
48.19,instock availability,Benjamin Franklin: An American Life
29.93,instock availability,"At The Existentialist Café: Freedom, Being, and apricot cocktails with: Jean-Paul Sartre, Simone de Beauvoir, Albert Camus, Martin Heidegger, Edmund Husserl, Karl Jaspers, Maurice Merleau-Ponty and others"
44.34,instock availability,A Summer In Europe
52.4,instock availability,A Short History of Nearly Everything
44.81,instock availability,A Gathering of Shadows (Shades of Magic #2)
57.84,instock availability,The Sound Of Love
39.67,instock availability,The Rise and Fall of the Third Reich: A History of Nazi Germany
55.02,instock availability,The Perks of Being a Wallflower
24.8,instock availability,The Mysterious Affair at Styles (Hercule Poirot #1)
59.45,instock availability,The Man Who Mistook His Wife for a Hat and Other Clinical Tales
31.58,instock availability,The Makings of a Fatherless Child
43.27,instock availability,The Joy of Cooking
37.34,instock availability,The Invention of Wings
17.8,instock availability,The Hobbit (Middle-Earth Universe)
30.54,instock availability,The Great Railway Bazaar
18.77,instock availability,The Golden Compass (His Dark Materials #1)
46.85,instock availability,The God Delusion
15.79,instock availability,The Girl You Left Behind (The Girl You Left Behind #1)
10.27,instock availability,The Fellowship of the Ring (The Lord of the Rings #1)
15.42,instock availability,The Collected Poems of W.B. Yeats (The Collected Works of W.B. Yeats #1)
59.92,instock availability,The Barefoot Contessa Cookbook
50.96,instock availability,Tell the Wolves I'm Home
30.6,instock availability,Ship Leaves Harbor: Essays on Travel by a Recovering Journeyman
19.27,instock availability,Pride and Prejudice
46.58,instock availability,Musicophilia: Tales of Music and the Brain
48.51,instock availability,Mere Christianity
19.02,instock availability,Me Before You (Me Before You #1)
38.38,instock availability,In the Woods (Dublin Murder Squad #1)
49.98,instock availability,In Cold Blood
46.49,instock availability,How to Stop Worrying and Start Living
18.32,instock availability,Give It Back
42.14,instock availability,"Girl, Interrupted"
56.59,instock availability,Fun Home: A Family Tragicomic
20.96,instock availability,"Fruits Basket, Vol. 6 (Fruits Basket #6)"
40.32,instock availability,Deception Point
36.39,instock availability,"Death Note, Vol. 6: Give-and-Take (Death Note #6)"
58.55,instock availability,Catherine the Great: Portrait of a Woman
39.61,instock availability,Better Homes and Gardens New Cook Book
21.3,instock availability,An Unquiet Mind: A Memoir of Moods and Madness
56.88,instock availability,A Year in Provence (Provence #1)
32.97,instock availability,World Without End (The Pillars of the Earth #2)
47.31,instock availability,"Will Grayson, Will Grayson (Will Grayson, Will Grayson)"
48.67,instock availability,Why Save the Bankers?: And Other Essays on Our Economic and Political Crisis
41.73,instock availability,Where She Went (If I Stay #2)
53.68,instock availability,What If?: Serious Scientific Answers to Absurd Hypothetical Questions
14.64,instock availability,Two Summers
38.4,instock availability,This Is Your Brain on Music: The Science of a Human Obsession
15.08,instock availability,The Secret Garden
30.57,instock availability,The Raven King (The Raven Cycle #4)
57.74,instock availability,The Raven Boys (The Raven Cycle #1)
11.05,instock availability,The Power Greens Cookbook: 140 Delicious Superfood Recipes
28.58,instock availability,The Metamorphosis
42.91,instock availability,The Mathews Men: Seven Brothers and the War Against Hitler's U-boats
24.73,instock availability,The Little Paris Bookshop
55.91,instock availability,The Hiding Place
13.76,instock availability,The Grand Design
45.56,instock availability,The Firm
47.22,instock availability,The Fault in Our Stars
56.0,instock availability,The False Prince (The Ascendance Trilogy #1)
44.58,instock availability,The Expatriates
34.5,instock availability,The Dream Thieves (The Raven Cycle #2)
11.33,instock availability,The Darkest Corners
38.77,instock availability,The Crossover
11.83,instock availability,The 5th Wave (The 5th Wave #1)
45.51,instock availability,Tell the Wind and Fire
41.81,instock availability,Tell Me Three Things
25.15,instock availability,Talking to Girls About Duran Duran: One Young Man's Quest for True Love and a Cooler Haircut
34.22,instock availability,Siddhartha
16.23,instock availability,Shiver (The Wolves of Mercy Falls #1)
11.48,instock availability,Remember Me?
23.37,instock availability,Red Dragon (Hannibal Lecter #1)
16.28,instock availability,Peak: Secrets from the New Science of Expertise
31.63,instock availability,My Mother Was Nuts
24.91,instock availability,Mexican Today: New and Rediscovered Recipes for Contemporary Kitchens
22.54,instock availability,Maybe Something Beautiful: How Art Transformed a Neighborhood
23.63,instock availability,Lola and the Boy Next Door (Anna and the French Kiss #2)
13.12,instock availability,Logan Kade (Fallen Crest High #5.5)
59.98,instock availability,Last One Home (New Beginnings #1)
31.49,instock availability,Killing Floor (Jack Reacher #1)
15.52,instock availability,Kill the Boy Band
48.13,instock availability,Isla and the Happily Ever After (Anna and the French Kiss #3)
38.13,instock availability,If I Stay (If I Stay #1)
36.55,instock availability,I Know Why the Caged Bird Sings (Maya Angelou's Autobiography #1)
23.32,instock availability,Harry Potter and the Deathly Hallows (Harry Potter #7)
16.33,instock availability,"Fruits Basket, Vol. 5 (Fruits Basket #5)"
32.42,instock availability,Foundation (Foundation (Publication Order) #1)
16.96,instock availability,Fool Me Once
22.37,instock availability,Find Her (Detective D.D. Warren #8)
42.27,instock availability,Evicted: Poverty and Profit in the American City
38.7,instock availability,Drama
35.63,instock availability,Dracula the Un-Dead
58.0,instock availability,Digital Fortress
52.41,instock availability,"Death Note, Vol. 5: Whiteout (Death Note #5)"
32.35,instock availability,"Data, A Love Story: How I Gamed Online Dating to Meet My Match"
20.75,instock availability,Critique of Pure Reason
17.49,instock availability,Booked
34.13,instock availability,"Blue Lily, Lily Blue (The Raven Cycle #3)"
58.81,instock availability,Approval Junkie: Adventures in Caring Too Much
10.0,instock availability,An Abundance of Katherines
51.22,instock availability,America's War for the Greater Middle East: A Military History
58.59,instock availability,Alight (The Generations Trilogy #2)
31.3,instock availability,A Girl's Guide to Moving On (New Beginnings #2)
46.42,instock availability,A Game of Thrones (A Song of Ice and Fire #1)
17.21,instock availability,A Feast for Crows (A Song of Ice and Fire #4)
10.79,instock availability,A Clash of Kings (A Song of Ice and Fire #2)
52.35,instock availability,Vogue Colors A to Z: A Fashion Coloring Book
27.88,instock availability,The Shining (The Shining #1)
50.26,instock availability,The Pilgrim's Progress
59.99,instock availability,The Perfect Play (Play by Play #1)
28.32,instock availability,The Passion of Dolssa
38.71,instock availability,The Jazz of Physics: The Secret Link Between Music and the Structure of the Universe
29.85,instock availability,The Hunger Games (The Hunger Games #1)
14.82,instock availability,The Hound of the Baskervilles (Sherlock Holmes #5)
16.81,instock availability,The Gunning of America: Business and the Making of American Gun Culture
28.23,instock availability,The Geography of Bliss: One Grump's Search for the Happiest Places in the World
52.11,instock availability,The Demonists (Demonist #1)
27.88,instock availability,"The Demon Prince of Momochi House, Vol. 4 (The Demon Prince of Momochi House #4)"
59.71,instock availability,The Bone Hunters (Lexy Vaughan & Steven Macaulay #2)
46.08,instock availability,The Beast (Black Dagger Brotherhood #14)
13.73,instock availability,Some Women
48.39,instock availability,Shopaholic Ties the Knot (Shopaholic #3)
49.45,instock availability,Paper and Fire (The Great Library #2)
19.67,instock availability,Outlander (Outlander #1)
12.36,instock availability,"Orchestra of Exiles: The Story of Bronislaw Huberman, the Israel Philharmonic, and the One Thousand Jews He Saved from Nazi Horrors"
20.02,instock availability,No One Here Gets Out Alive
12.75,instock availability,Night Shift (Night Shift #1-20)
47.51,instock availability,Needful Things
20.44,instock availability,Mockingjay (The Hunger Games #3)
34.79,instock availability,Misery
28.07,instock availability,Little Women (Little Women #1)
25.01,instock availability,It
13.9,instock availability,Harry Potter and the Sorcerer's Stone (Harry Potter #1)
24.17,instock availability,Harry Potter and the Prisoner of Azkaban (Harry Potter #3)
31.63,instock availability,Harry Potter and the Order of the Phoenix (Harry Potter #5)
48.75,instock availability,Harry Potter and the Half-Blood Prince (Harry Potter #6)
14.74,instock availability,Harry Potter and the Chamber of Secrets (Harry Potter #2)
32.49,instock availability,Gone with the Wind
27.8,instock availability,God Is Not Great: How Religion Poisons Everything
26.77,instock availability,Girl With a Pearl Earring
50.44,instock availability,"Fruits Basket, Vol. 4 (Fruits Basket #4)"
34.93,instock availability,Far From True (Promise Falls Trilogy #2)
12.87,instock availability,Dark Lover (Black Dagger Brotherhood #1)
48.94,instock availability,Confessions of a Shopaholic (Shopaholic #1)
13.38,instock availability,Changing the Game (Play by Play #2)
58.63,instock availability,Candide
21.94,instock availability,Can You Keep a Secret?
26.58,instock availability,Atlas Shrugged
57.22,instock availability,Animal Farm
56.43,instock availability,A Walk to Remember
55.65,instock availability,A New Earth: Awakening to Your Life's Purpose
27.62,instock availability,"A History of God: The 4,000-Year Quest of Judaism, Christianity, and Islam"
49.56,instock availability,'Salem's Lot
34.77,instock availability,Zero History (Blue Ant #3)
17.73,instock availability,Wuthering Heights
21.8,instock availability,World War Z: An Oral History of the Zombie War
46.02,instock availability,Wild: From Lost to Found on the Pacific Crest Trail
18.13,instock availability,"Where'd You Go, Bernadette"
30.89,instock availability,When You Are Engulfed in Flames
31.95,instock availability,We the People: The Modern-Day Figures Who Have Reshaped and Affirmed the Founding Fathers' Vision of America
24.04,instock availability,We Are All Completely Beside Ourselves
32.36,instock availability,Walk the Edge (Thunder Road #2)
21.07,instock availability,Voyager (Outlander #3)
50.66,instock availability,Very Good Lives: The Fringe Benefits of Failure and the Importance of Imagination
13.66,instock availability,Vegan Vegetarian Omnivore: Dinner for Everyone at the Table
58.09,instock availability,"Unstuffed: Decluttering Your Home, Mind, and Soul"
30.0,instock availability,Under the Banner of Heaven: A Story of Violent Faith
32.74,instock availability,Two Boys Kissing
41.93,instock availability,Twilight (Twilight #1)
42.8,instock availability,Twenties Girl
53.51,instock availability,"Trespassing Across America: One Man's Epic, Never-Done-Before (and Sort of Illegal) Hike Across the Heartland"
23.21,instock availability,Three-Martini Lunch
21.14,instock availability,"Thinking, Fast and Slow"
56.07,instock availability,The Wild Robot
14.41,instock availability,"The Wicked + The Divine, Vol. 3: Commercial Suicide (The Wicked + The Divine)"
45.75,instock availability,The Undomestic Goddess
15.77,instock availability,The Travelers
10.02,instock availability,The Tipping Point: How Little Things Can Make a Big Difference
48.77,instock availability,The Thing About Jellyfish
57.86,instock availability,The Stand
23.59,instock availability,The Smitten Kitchen Cookbook
23.05,instock availability,The Silkworm (Cormoran Strike #2)
55.55,instock availability,"The Sandman, Vol. 3: Dream Country (The Sandman (volumes) #3)"
58.64,instock availability,The Rose & the Dagger (The Wrath and the Dawn #2)
23.21,instock availability,The Road to Little Dribbling: Adventures of an American in Britain (Notes From a Small Island #2)
42.57,instock availability,The Rise of Theodore Roosevelt (Theodore Roosevelt #1)
10.92,instock availability,The Restaurant at the End of the Universe (Hitchhiker's Guide to the Galaxy #2)
34.77,instock availability,The Rest Is Noise: Listening to the Twentieth Century
35.66,instock availability,The Red Tent
37.19,instock availability,The Purpose Driven Life: What on Earth Am I Here for?
12.25,instock availability,The Purest Hook (Second Circle Tattoos #3)
29.7,instock availability,The Picture of Dorian Gray
36.8,instock availability,The Paris Wife
45.43,instock availability,The Obsession
26.26,instock availability,The Nightingale
44.92,instock availability,The New Guy (and Other Senior Year Distractions)
52.53,instock availability,The Nanny Diaries (Nanny #1)
37.25,instock availability,The Name of God is Mercy
20.93,instock availability,The Maze Runner (The Maze Runner #1)
58.09,instock availability,The Lover's Dictionary
43.59,instock availability,The Lonely Ones
33.92,instock availability,The Lean Startup: How Today's Entrepreneurs Use Continuous Innovation to Create Radically Successful Businesses
55.55,instock availability,The Last Painting of Sara de Vos
29.64,instock availability,"The Land of 10,000 Madonnas"
27.41,instock availability,The Infinities
52.51,instock availability,The Husband's Secret
47.8,instock availability,The Hitchhiker's Guide to the Galaxy (Hitchhiker's Guide to the Galaxy #1)
14.54,instock availability,The Guns of August
49.53,instock availability,The Guernsey Literary and Potato Peel Pie Society
43.58,instock availability,The Goldfinch
12.3,instock availability,The Giver (The Giver Quartet #1)
49.47,instock availability,The Girl with All the Gifts
22.14,instock availability,The Girl Who Played with Fire (Millennium Trilogy #2)
57.48,instock availability,The Girl Who Kicked the Hornet's Nest (Millennium Trilogy #3)
43.45,instock availability,The Exiled
22.13,instock availability,"The End of Faith: Religion, Terror, and the Future of Reason"
13.03,instock availability,"The Elegant Universe: Superstrings, Hidden Dimensions, and the Quest for the Ultimate Theory"
57.35,instock availability,"The Disappearing Spoon: And Other True Tales of Madness, Love, and the History of the World from the Periodic Table of the Elements"
44.29,instock availability,The Devil Wears Prada (The Devil Wears Prada #1)
52.25,instock availability,The Demon-Haunted World: Science as a Candle in the Dark
26.33,instock availability,The Day the Crayons Came Home (Crayons)
22.96,instock availability,The Da Vinci Code (Robert Langdon #2)
19.21,instock availability,The Cuckoo's Calling (Cormoran Strike #1)
26.78,instock availability,The Complete Stories and Poems (The Works of Edgar Allan Poe [Cameo Edition])
41.32,instock availability,The Complete Poems
24.55,instock availability,The Catcher in the Rye
16.26,instock availability,The Cat in the Hat (Beginner Books B-1)
47.84,instock availability,The Case for Christ (Cases for Christianity)
53.49,instock availability,The Book Thief
44.84,instock availability,The Book of Basketball: The NBA According to The Sports Guy
53.71,instock availability,The Blind Side: Evolution of a Game
23.43,instock availability,The Autobiography of Malcolm X
34.32,instock availability,"The Art of Simple Food: Notes, Lessons, and Recipes from a Delicious Revolution"
22.1,instock availability,The Art of Fielding
25.83,instock availability,"Surely You're Joking, Mr. Feynman!: Adventures of a Curious Character"
36.74,instock availability,Stiff: The Curious Lives of Human Cadavers
49.51,instock availability,Spilled Milk: Based on a True Story
48.96,instock availability,Something Borrowed (Darcy & Rachel #1)
54.62,instock availability,Something Blue (Darcy & Rachel #2)
24.72,instock availability,Soldier (Talon #3)
46.45,instock availability,Shopaholic & Baby (Shopaholic #5)
52.33,instock availability,Seven Days in the Art World
30.6,instock availability,Seven Brief Lessons on Physics
14.57,instock availability,Scarlet (The Lunar Chronicles #2)
46.29,instock availability,Sarah's Key
21.57,instock availability,"Saga, Volume 3 (Saga (Collected Editions) #3)"
12.91,instock availability,Running with Scissors
50.11,instock availability,Rogue Lawyer (Rogue Lawyer #1)
41.67,instock availability,"Rise of the Rocket Girls: The Women Who Propelled Us, from Missiles to the Moon to Mars"
44.88,instock availability,Rework
11.1,instock availability,Reservations for Two
28.54,instock availability,Red: The True Story of Red Riding Hood
19.07,instock availability,Ready Player One
43.55,instock availability,Quiet: The Power of Introverts in a World That Can't Stop Talking
43.63,instock availability,Prodigy: The Graphic Novel (Legend: The Graphic Novel #2)
39.13,instock availability,Persepolis: The Story of a Childhood (Persepolis #1-2)
56.68,instock availability,Packing for Mars: The Curious Science of Life in the Void
14.16,instock availability,Outliers: The Story of Success
31.45,instock availability,Original Fake
24.61,instock availability,Orange Is the New Black
32.87,instock availability,One for the Money (Stephanie Plum #1)
40.17,instock availability,Notes from a Small Island (Notes From a Small Island #1)
13.51,instock availability,Night (The Night Trilogy #1)
38.95,instock availability,Neither Here nor There: Travels in Europe
31.69,instock availability,Naked
29.4,instock availability,Morning Star (Red Rising #3)
57.83,instock availability,"Miracles from Heaven: A Little Girl, Her Journey to Heaven, and Her Amazing Story of Healing"
55.46,instock availability,Midnight Riot (Peter Grant/ Rivers of London - books #1)
57.6,instock availability,Me Talk Pretty One Day
34.98,instock availability,Manuscript Found in Accra
11.87,instock availability,Lust & Wonder
12.47,instock availability,Lila (Gilead #3)
33.26,instock availability,"Life, the Universe and Everything (Hitchhiker's Guide to the Galaxy #3)"
59.04,instock availability,Life Without a Recipe
26.13,instock availability,Life After Life
22.2,instock availability,Letter to a Christian Nation
45.11,instock availability,Let's Pretend This Never Happened: A Mostly True Memoir
43.69,instock availability,Legend (Legend #1)
25.02,instock availability,"Lean In: Women, Work, and the Will to Lead"
55.5,instock availability,"Lamb: The Gospel According to Biff, Christ's Childhood Pal"
53.04,instock availability,Lady Renegades (Rebel Belle #3)
44.97,instock availability,Jurassic Park (Jurassic Park #1)
42.38,instock availability,It's Never Too Late to Begin Again: Discovering Creativity and Meaning at Midlife and Beyond
20.11,instock availability,Is Everyone Hanging Out Without Me? (And Other Concerns)
56.7,instock availability,Into the Wild
41.0,instock availability,Inferno (Robert Langdon #4)
28.85,instock availability,"In the Garden of Beasts: Love, Terror, and an American Family in Hitler's Berlin"
49.97,instock availability,If I Run (If I Run #1)
19.69,instock availability,I've Got Your Number
28.88,instock availability,I Am Malala: The Girl Who Stood Up for Education and Was Shot by the Taliban
33.14,instock availability,Hungry Girl Clean & Hungry: Easy All-Natural Recipes for Healthy Eating in the Real World
43.7,instock availability,"House of Lost Worlds: Dinosaurs, Dynasties, and the Story of Life on Earth"
54.89,instock availability,House of Leaves
37.52,instock availability,Horrible Bear!
51.07,instock availability,Holidays on Ice
44.07,instock availability,Heir to the Sky
10.79,instock availability,Green Eggs and Ham (Beginner Books B-16)
42.72,instock availability,"Grayson, Vol 3: Nemesis (Grayson #3)"
26.66,instock availability,Gratitude
37.6,instock availability,Gone Girl
42.21,instock availability,Golden (Heart of Dread #3)
46.83,instock availability,Girl in the Blue Coat
45.17,instock availability,"Fruits Basket, Vol. 3 (Fruits Basket #3)"
51.22,instock availability,"Friday Night Lights: A Town, a Team, and a Dream"
21.28,instock availability,Fire Bound (Sea Haven/Sisters of the Heart #5)
15.36,instock availability,Fifty Shades Freed (Fifty Shades #3)
38.62,instock availability,Fellside
25.4,instock availability,Extreme Prey (Lucas Davenport #26)
43.87,instock availability,Eragon (The Inheritance Cycle #1)
18.74,instock availability,Eclipse (Twilight #3)
54.86,instock availability,Dune (Dune #1)
52.62,instock availability,Dracula
51.48,instock availability,Do Androids Dream of Electric Sheep? (Blade Runner #1)
15.28,instock availability,Disrupted: My Misadventure in the Start-Up Bubble
39.24,instock availability,Dead Wake: The Last Crossing of the Lusitania
17.81,instock availability,"David and Goliath: Underdogs, Misfits, and the Art of Battling Giants"
56.02,instock availability,Darkfever (Fever #1)
23.9,instock availability,Dark Places
49.13,instock availability,Crazy Rich Asians (Crazy Rich Asians #1)
10.62,instock availability,Counting Thyme
36.17,instock availability,Cosmos
59.95,instock availability,Civilization and Its Discontents
26.09,instock availability,Cinder (The Lunar Chronicles #1)
37.35,instock availability,Catastrophic Happiness: Finding Joy in Childhood's Messy Years
24.72,instock availability,Career of Evil (Cormoran Strike #3)
35.28,instock availability,Breaking Dawn (Twilight #4)
51.32,instock availability,Brave Enough
21.12,instock availability,Boy Meets Boy
27.35,instock availability,"Born to Run: A Hidden Tribe, Superathletes, and the Greatest Race the World Has Never Seen"
21.74,instock availability,Blink: The Power of Thinking Without Thinking
40.87,instock availability,Black Flags: The Rise of ISIS
49.31,instock availability,"Black Butler, Vol. 1 (Black Butler #1)"
22.11,instock availability,Big Little Lies
20.79,instock availability,Between Shades of Gray
27.41,instock availability,Best of My Love (Fool's Gold #20)
38.35,instock availability,Beowulf
21.55,instock availability,Beautiful Creatures (Caster Chronicles #1)
38.02,instock availability,Awkward
22.06,instock availability,Ash
10.66,instock availability,Are We There Yet?
56.58,instock availability,Are We Smart Enough to Know How Smart Animals Are?
36.83,instock availability,Annie on My Mind
35.01,instock availability,And Then There Were None
30.48,instock availability,A Walk in the Woods: Rediscovering America on the Appalachian Trail
14.08,instock availability,A Visit from the Goon Squad
31.22,instock availability,A Storm of Swords (A Song of Ice and Fire #3)
54.29,instock availability,A Heartbreaking Work of Staggering Genius
31.04,instock availability,8 Keys to Mental Health Through Exercise
50.96,instock availability,#GIRLBOSS
11.89,instock availability,"The Suffragettes (Little Black Classics, #96)"
31.38,instock availability,The Sense of an Ending
54.81,instock availability,"The Sandman, Vol. 2: The Doll's House (The Sandman (volumes) #2)"
16.78,instock availability,The Course of Love
24.42,instock availability,Sugar Rush (Offensive Line #2)
11.75,instock availability,"Saga, Volume 2 (Saga (Collected Editions) #2)"
20.02,instock availability,"Run, Spot, Run: The Ethics of Keeping Pets"
12.86,instock availability,New Moon (Twilight #2)
31.58,instock availability,Life
34.0,instock availability,Kindle Paperwhite User's Guide
57.42,instock availability,H is for Hawk
53.47,instock availability,Girl Online On Tour (Girl Online #2)
11.64,instock availability,"Fruits Basket, Vol. 2 (Fruits Basket #2)"
52.88,instock availability,Diary of a Minecraft Zombie Book 1: A Scare of a Dare (An Unofficial Minecraft Book)
18.51,instock availability,"Y: The Last Man, Vol. 1: Unmanned (Y: The Last Man #1)"
41.32,instock availability,While You Were Mine
39.77,instock availability,Where Lightning Strikes (Bleeding Stars #3)
51.96,instock availability,When I'm Gone
39.51,instock availability,Ways of Seeing
15.4,instock availability,"Vampire Knight, Vol. 1 (Vampire Knight #1)"
53.82,instock availability,Vampire Girl (Vampire Girl #1)
30.95,instock availability,Twenty Love Poems and a Song of Despair
57.82,instock availability,Travels with Charley: In Search of America
44.18,instock availability,Three Wishes (River of Time: California #1)
48.71,instock availability,This One Moment (Pushing Limits #1)
19.69,instock availability,The Zombie Room
36.52,instock availability,"The Wicked + The Divine, Vol. 1: The Faust Act (The Wicked + The Divine)"
41.56,instock availability,The Tumor
43.19,instock availability,The Story of Hong Gildong
12.34,instock availability,The Silent Wife
36.25,instock availability,The Silent Twin (Detective Jennifer Knight #3)
29.45,instock availability,The Selfish Gene
34.56,instock availability,The Secret Healer
54.12,instock availability,"The Sandman, Vol. 1: Preludes and Nocturnes (The Sandman (volumes) #1)"
33.78,instock availability,The Republic
29.64,instock availability,The Odyssey
57.7,instock availability,The No. 1 Ladies' Detective Agency (No. 1 Ladies' Detective Agency #1)
36.34,instock availability,The Nicomachean Ethics
50.59,instock availability,The Name of the Wind (The Kingkiller Chronicle #1)
29.38,instock availability,The Mirror & the Maze (The Wrath and the Dawn #1.5)
45.42,instock availability,The Little Prince
54.43,instock availability,The Light of the Fireflies
36.26,instock availability,The Last Girl (The Dominion Trilogy #1)
16.16,instock availability,The Iliad
36.29,instock availability,The Hook Up (Game On #1)
27.89,instock availability,The Haters
12.29,instock availability,The Girl You Lost
15.85,instock availability,The Girl In The Ice (DCI Erika Foster #1)
14.4,instock availability,The End of the Jesus Era (An Investigation #1)
19.18,instock availability,The Edge of Reason (Bridget Jones #2)
10.64,instock availability,The Complete Maus (Maus #1-2)
14.76,instock availability,The Communist Manifesto
57.49,instock availability,The Bhagavad Gita
30.66,instock availability,The Bette Davis Club
40.83,instock availability,The Art of Not Breathing
18.88,instock availability,Taking Shots (Assassins #1)
25.83,instock availability,Starlark
42.12,instock availability,"Skip Beat!, Vol. 01 (Skip Beat! #1)"
13.33,instock availability,Sister Sable (The Mad Queen #1)
42.4,instock availability,Shatter Me (Shatter Me #1)
58.35,instock availability,Shameless
21.72,instock availability,Shadow Rites (Jane Yellowrock #10)
44.91,instock availability,Settling the Score (The Summer Games #1)
37.46,instock availability,Sense and Sensibility
28.48,instock availability,"Saga, Volume 1 (Saga (Collected Editions) #1)"
28.34,instock availability,"Rhythm, Chord & Malykhin"
46.96,instock availability,"Rat Queens, Vol. 1: Sass & Sorcery (Rat Queens (Collected Editions) #1-5)"
24.96,instock availability,Paradise Lost (Paradise #1)
21.71,instock availability,"Paper Girls, Vol. 1 (Paper Girls #1-5)"
29.87,instock availability,"Ouran High School Host Club, Vol. 1 (Ouran High School Host Club #1)"
28.99,instock availability,Origins (Alphas 0.5)
52.94,instock availability,One Second (Seven #7)
32.36,instock availability,On the Road (Duluoz Legend)
55.66,instock availability,Old Records Never Die: One Man's Quest for His Vinyl and His Past
39.45,instock availability,Off Sides (Off #1)
47.11,instock availability,Of Mice and Men
58.75,instock availability,Myriad (Prentor #1)
38.92,instock availability,My Perfect Mistake (Over the Top #1)
39.39,instock availability,"Ms. Marvel, Vol. 1: No Normal (Ms. Marvel (2014-2015) #1)"
25.89,instock availability,Meditations
28.34,instock availability,Matilda
27.7,instock availability,Lost Among the Living
24.89,instock availability,Lord of the Flies
58.99,instock availability,Listen to Me (Fusion #1)
57.2,instock availability,Kitchens of the Great Midwest
38.43,instock availability,Jane Eyre
34.74,instock availability,Imperfect Harmony
40.44,instock availability,Icing (Aces Hockey #2)
45.24,instock availability,"Hawkeye, Vol. 1: My Life as a Weapon (Hawkeye #1)"
34.96,instock availability,Having the Barbarian's Baby (Ice Planet Barbarians #7.5)
56.76,instock availability,"Giant Days, Vol. 1 (Giant Days #1-4)"
40.28,instock availability,"Fruits Basket, Vol. 1 (Fruits Basket #1)"
38.0,instock availability,Frankenstein
28.8,instock availability,Forever Rockers (The Rocker #12)
39.24,instock availability,Fighting Fate (Fighting #6)
32.93,instock availability,Emma
51.32,instock availability,"Eat, Pray, Love"
47.09,instock availability,Deep Under (Walker Security #1)
28.42,instock availability,Choosing Our Religion: The Spiritual Lives of America's Nones
22.85,instock availability,Charlie and the Chocolate Factory (Charlie Bucket #1)
41.24,instock availability,Charity's Cross (Charles Towne Belles #4)
39.07,instock availability,Bright Lines
29.82,instock availability,Bridget Jones's Diary (Bridget Jones #1)
37.26,instock availability,Bounty (Colorado Mountain #7)
20.3,instock availability,Blood Defense (Samantha Brinkman #1)
34.65,instock availability,"Bleach, Vol. 1: Strawberry and the Soul Reapers (Bleach #1)"
43.38,instock availability,Beyond Good and Evil
55.53,instock availability,Alice in Wonderland (Alice's Adventures in Wonderland #1)
57.06,instock availability,"Ajin: Demi-Human, Volume 1 (Ajin: Demi-Human #1)"
16.97,instock availability,A Spy's Devotion (The Regency Spies of London #1)
53.98,instock availability,1st to Die (Women's Murder Club #1)
26.08,instock availability,"1,000 Places to See Before You Die"
