date,title,tag,author
"October 27, 2016 ",An Introduction to XPath: How to Get Started,data extraction html parsing tutorial web scraping xpath xpath tips,Valdir Stumm Jr
"April 19, 2017 ",Deploy your Scrapy Spiders from GitHub,deploy github scrapy scrapy cloud,Valdir Stumm Jr
"December 15, 2016 ",How to Increase Sales with Online Reputation Management,communication competitive intelligence data extraction web scraping,Cecilia Haynes
"July 7, 2017 ",Scraping the Steam Game Store with Scrapy,infinite scroll python scrapy web crawling web scraping,Andre Perunicic
"June 19, 2017 ",Do Androids Dream of Electric Sheep?,eli5 Machine Learning open source,Mikhail Korobov
"September 1, 2016 ",Improved Frontera: Web Crawling at Scale with Python 3 Support,broad crawling crawl frontier python 3 web crawling,Alexander Sibiryakov
"September 8, 2016 ",How to Deploy Custom Docker Images for Your Web Crawlers,docker phantomjs scrapy scrapy cloud selenium,Valdir Stumm Jr
"September 28, 2016 ",How to Run Python Scripts in Scrapy Cloud,python scrapy scrapy cloud,Elias Dorneles
"August 17, 2016 ",Introducing Scrapy Cloud with Python 3 Support,python 3 scrapy,Valdir Stumm Jr
"August 25, 2016 ",How to Crawl the Web Politely with Scrapy,bots politeness scrapy web crawling web scraping,Valdir Stumm Jr
"June 22, 2016 ",Scraping Infinite Scrolling Pages,ajax data data extraction infinite scroll JavaScript scrapy web crawling web scraping,Valdir Stumm Jr
"November 24, 2016 ",How to Build your own Price Monitoring Tool,competitive intelligence price monitor scrapy web scraping,Valdir Stumm Jr
"May 18, 2016 ",How to Debug your Scrapy Spiders,debug pudb scrapy web scraping,Valdir Stumm Jr
"July 20, 2016 ",Incremental Crawls with Scrapy and DeltaFetch,open source plugin scrapy web crawling web scraping,Valdir Stumm Jr
"July 13, 2016 ",Improving Access to Peruvian Congress Bills with Scrapy,django government data open data open source scrapy web scraping,Carlos Peña
"March 23, 2016 ",Scrapy Tips from the Pros: March 2016 Edition,cookies itemloader scrapy web crawling web scraping,Valdir Stumm Jr
"February 4, 2016 ",Python 3 is Coming to Scrapy,python 3 scrapy web crawling web scraping,Richard Dowinton
"January 19, 2016 ",Scrapy Tips from the Pros: Part 1,crawling extruct js2xml microdata open scrapy w3lib web scraping,Valdir Stumm Jr
"February 17, 2016 ",Portia: The Open Source Alternative to Kimono Labs,kimono labs open source portia web scraping,Valdir Stumm Jr
"February 25, 2016 ",Migrate your Kimono Projects to Portia,kimono labs portia web scraping,Valdir Stumm Jr
"August 19, 2015 ",Introducing Javascript support for Portia,JavaScript portia,Ruairi Fahy
"February 24, 2016 ",Scrapy Tips from the Pros: February 2016 Edition,scrapy sitemap web crawling,Valdir Stumm Jr
"December 16, 2015 ",Chats With RINAR Solutions,case study interview Scrapinghub scrapy scrapy cloud,Cecilia Haynes
"February 24, 2015 ",Scrapinghub Crawls the Deep Web,crawling darpa memex open source scrapy,Shane Evans
"March 4, 2015 ",Skinfer: A Tool for Inferring JSON Schemas,json JSON samples json schema open source schema skinfer,Elias Dorneles
"March 17, 2015 ",Scrapinghub: A Remote Working Success Story,communication global workforce productivity remote working Scrapinghub selling point start-up,Joanne O'Flynn
"March 26, 2014 ",Optimizing Memory Usage of Scikit-Learn Models Using Succinct Tries,marisa-trie ML NLP open source scikit-learn,Mikhail Korobov
"June 26, 2014 ",Introducing Data Reviews,api crawling dash,Breno Colom
"June 18, 2014 ",Extracting schema.org Microdata Using Scrapy Selectors and XPath,EXSLT microdata schema.org scrapy selectors xpath,Paul Tremberth
"July 17, 2014 ",XPath Tips from the Web Scraping Trenches,scrapy selectors web scraping xpath xpath tips,Elias Dorneles
"April 1, 2014 ","Announcing Portia, the Open Source Visual Web Scraper!",autoscraping portia scrapely scrapy slybot,Shane Evans
"July 26, 2013 ",Introducing Dash,api dash hbase mongodb performance storage,Shane Evans
"May 13, 2013 ",Why MongoDB Is a Bad Choice for Storing Our Scraped Data,crawling mongodb performance storage,Shane Evans
"February 27, 2012 ",Autoscraping casts a wider net,autoscraping needlebase open source,Shane Evans
