content,tag,author
"“The truth is, everyone is going to hurt you. You just got to find the ones worth suffering for.”",friendship,Bob Marley
"“One good thing about music, when it hits you, you feel no pain.”",music,Bob Marley
"“You may not be her first, her last, or her only. She loved before she may love again. But if she loves you now, what else matters? She's not perfect—you aren't either, and the two of you may never be perfect together but if she can make you laugh, cause you to think twice, and admit to being human and making mistakes, hold onto her and give her the most you can. She may not be thinking about you every second of the day, but she will give you a part of her that she knows you can break—her heart. So don't hurt her, don't change her, don't analyze and don't expect more than she can give. Smile when she makes you happy, let her know when she makes you mad, and miss her when she's not there.”",love,Bob Marley
"“The truth."" Dumbledore sighed. ""It is a beautiful and terrible thing, and should therefore be treated with great caution.”",truth,J.K. Rowling
“Anyone who has never made a mistake has never tried anything new.”,mistakes,Albert Einstein
"“If I were not a physicist, I would probably be a musician. I often think in music. I live my daydreams in music. I see my life in terms of music.”",music,Albert Einstein
"“Life is like riding a bicycle. To keep your balance, you must keep moving.”",simile,Albert Einstein
“Any fool can know. The point is to understand.”,wisdom,Albert Einstein
“Any fool can know. The point is to understand.”,understanding,Albert Einstein
“Any fool can know. The point is to understand.”,learning,Albert Einstein
"“You may say I'm a dreamer, but I'm not the only one. I hope someday you'll join us. And the world will live as one.”",inspirational,John Lennon
“The reason I talk to myself is because I’m the only one whose answers I accept.”,truth,George Carlin
“The reason I talk to myself is because I’m the only one whose answers I accept.”,lies,George Carlin
“The reason I talk to myself is because I’m the only one whose answers I accept.”,self-indulgence,George Carlin
“The reason I talk to myself is because I’m the only one whose answers I accept.”,insanity,George Carlin
"“You may say I'm a dreamer, but I'm not the only one. I hope someday you'll join us. And the world will live as one.”",peace,John Lennon
"“You have to write the book that wants to be written. And if the book will be too difficult for grown-ups, then you write it for children.”",writing,Madeleine L'Engle
“The reason I talk to myself is because I’m the only one whose answers I accept.”,lying,George Carlin
"“What really knocks me out is a book that, when you're all done reading it, you wish the author that wrote it was a terrific friend of yours and you could call him up on the phone whenever you felt like it. That doesn't happen much, though.”",writing,J.D. Salinger
"“What really knocks me out is a book that, when you're all done reading it, you wish the author that wrote it was a terrific friend of yours and you could call him up on the phone whenever you felt like it. That doesn't happen much, though.”",reading,J.D. Salinger
"“The trouble with having an open mind, of course, is that people will insist on coming along and trying to put things in it.”",thinking,Terry Pratchett
"“The trouble with having an open mind, of course, is that people will insist on coming along and trying to put things in it.”",open-mind,Terry Pratchett
"“The trouble with having an open mind, of course, is that people will insist on coming along and trying to put things in it.”",humor,Terry Pratchett
"“What really knocks me out is a book that, when you're all done reading it, you wish the author that wrote it was a terrific friend of yours and you could call him up on the phone whenever you felt like it. That doesn't happen much, though.”",literature,J.D. Salinger
"“What really knocks me out is a book that, when you're all done reading it, you wish the author that wrote it was a terrific friend of yours and you could call him up on the phone whenever you felt like it. That doesn't happen much, though.”",books,J.D. Salinger
"“What really knocks me out is a book that, when you're all done reading it, you wish the author that wrote it was a terrific friend of yours and you could call him up on the phone whenever you felt like it. That doesn't happen much, though.”",authors,J.D. Salinger
“You never really understand a person until you consider things from his point of view... Until you climb inside of his skin and walk around in it.”,better-life-empathy,Harper Lee
"“You have to write the book that wants to be written. And if the book will be too difficult for grown-ups, then you write it for children.”",write,Madeleine L'Engle
"“You have to write the book that wants to be written. And if the book will be too difficult for grown-ups, then you write it for children.”",writers,Madeleine L'Engle
"“You have to write the book that wants to be written. And if the book will be too difficult for grown-ups, then you write it for children.”",grown-ups,Madeleine L'Engle
"“You have to write the book that wants to be written. And if the book will be too difficult for grown-ups, then you write it for children.”",difficult,Madeleine L'Engle
"“You have to write the book that wants to be written. And if the book will be too difficult for grown-ups, then you write it for children.”",children,Madeleine L'Engle
"“You have to write the book that wants to be written. And if the book will be too difficult for grown-ups, then you write it for children.”",books,Madeleine L'Engle
“Do one thing every day that scares you.”,inspiration,Eleanor Roosevelt
“Do one thing every day that scares you.”,fear,Eleanor Roosevelt
“Do one thing every day that scares you.”,attributed,Eleanor Roosevelt
“A woman is like a tea bag; you never know how strong it is until it's in hot water.”,misattributed-eleanor-roosevelt,Eleanor Roosevelt
“The reason I talk to myself is because I’m the only one whose answers I accept.”,humor,George Carlin
"“You may say I'm a dreamer, but I'm not the only one. I hope someday you'll join us. And the world will live as one.”",hope,John Lennon
"“You may say I'm a dreamer, but I'm not the only one. I hope someday you'll join us. And the world will live as one.”",dreaming,John Lennon
"“You may say I'm a dreamer, but I'm not the only one. I hope someday you'll join us. And the world will live as one.”",dreamers,John Lennon
"“You may say I'm a dreamer, but I'm not the only one. I hope someday you'll join us. And the world will live as one.”",dreams,John Lennon
"“You may say I'm a dreamer, but I'm not the only one. I hope someday you'll join us. And the world will live as one.”",connection,John Lennon
"“You may say I'm a dreamer, but I'm not the only one. I hope someday you'll join us. And the world will live as one.”",beatles,John Lennon
"“I'm the one that's got to die when it's time for me to die, so let me live my life the way I want to.”",life,Jimi Hendrix
“To die will be an awfully big adventure.”,love,J.M. Barrie
“To die will be an awfully big adventure.”,adventure,J.M. Barrie
“I am free of all prejudice. I hate everyone equally. ”,sinister,W.C. Fields
“I am free of all prejudice. I hate everyone equally. ”,humor,W.C. Fields
“It takes courage to grow up and become who you really are.”,courage,E.E. Cummings
“Any fool can know. The point is to understand.”,knowledge,Albert Einstein
“But better to get hurt by the truth than comforted with a lie.”,life,Khaled Hosseini
“Logic will get you from A to Z; imagination will get you everywhere.”,imagination,Albert Einstein
"“If you want your children to be intelligent, read them fairy tales. If you want them to be more intelligent, read them more fairy tales.”",fairy-tales,Albert Einstein
"“I'm the one that's got to die when it's time for me to die, so let me live my life the way I want to.”",death,Jimi Hendrix
"“If you want your children to be intelligent, read them fairy tales. If you want them to be more intelligent, read them more fairy tales.”",children,Albert Einstein
"“If you can't explain it to a six year old, you don't understand it yourself.”",understand,Albert Einstein
"“If you can't explain it to a six year old, you don't understand it yourself.”",simplicity,Albert Einstein
“Try not to become a man of success. Rather become a man of value.”,value,Albert Einstein
“Try not to become a man of success. Rather become a man of value.”,success,Albert Einstein
“Try not to become a man of success. Rather become a man of value.”,adulthood,Albert Einstein
“There are only two ways to live your life. One is as though nothing is a miracle. The other is as though everything is a miracle.”,miracle,Albert Einstein
“There are only two ways to live your life. One is as though nothing is a miracle. The other is as though everything is a miracle.”,miracles,Albert Einstein
“There are only two ways to live your life. One is as though nothing is a miracle. The other is as though everything is a miracle.”,live,Albert Einstein
"“There are only two ways to live your life. One is as though nothing is a miracle. The other is as though everything is a miracle.”,“Life is like riding a bicycle. To keep your balance, you must keep moving.”",life,Albert Einstein
“There are only two ways to live your life. One is as though nothing is a miracle. The other is as though everything is a miracle.”,inspirational,Albert Einstein
“The world as we have created it is a process of our thinking. It cannot be changed without changing our thinking.”,world,Albert Einstein
“The world as we have created it is a process of our thinking. It cannot be changed without changing our thinking.”,thinking,Albert Einstein
“The world as we have created it is a process of our thinking. It cannot be changed without changing our thinking.”,deep-thoughts,Albert Einstein
“The world as we have created it is a process of our thinking. It cannot be changed without changing our thinking.”,change,Albert Einstein
"“Remember, if the time should come when you have to make a choice between what is right and what is easy, remember what happened to a boy who was good, and kind, and brave, because he strayed across the path of Lord Voldemort. Remember Cedric Diggory.”",integrity,J.K. Rowling
"“Do not pity the dead, Harry. Pity the living, and, above all those who live without love.”",live-death-love,J.K. Rowling
"“To the well-organized mind, death is but the next great adventure.”",inspirational,J.K. Rowling
"“To the well-organized mind, death is but the next great adventure.”",death,J.K. Rowling
"“Of course it is happening inside your head, Harry, but why on earth should that mean that it is not real?”,“It matters not what someone is born, but what they grow to be.”",dumbledore,J.K. Rowling
"“It takes a great deal of bravery to stand up to our enemies, but just as much to stand up to our friends.”",friends,J.K. Rowling
"“It takes a great deal of bravery to stand up to our enemies, but just as much to stand up to our friends.”",courage,J.K. Rowling
"“It is our choices, Harry, that show what we truly are, far more than our abilities.”",choices,J.K. Rowling
"“It is our choices, Harry, that show what we truly are, far more than our abilities.”",abilities,J.K. Rowling
“It is better to be hated for what you are than to be loved for what you are not.”,love,André Gide
"“A wise girl kisses but doesn't love, listens but doesn't believe, and leaves before she is left.”,“I am good, but not an angel. I do sin, but I am not the devil. I am just a small girl in a big world trying to find someone to love.”",attributed-no-source,Marilyn Monroe
"“If you can make a woman laugh, you can make her do anything.”",girls,Marilyn Monroe
"“This life is what you make it. No matter what, you're going to mess up sometimes, it's a universal truth. But the good part is you get to decide how you're going to mess it up. Girls will be your friends - they'll act like it anyway. But just remember, some come, some go. The ones that stay with you through everything - they're your true best friends. Don't let go of them. Also remember, sisters make the best friends in the world. As for lovers, well, they'll come and go too. And baby, I hate to say it, most of them - actually pretty much all of them are going to break your heart, but you can't give up because if you give up, you'll never find your soulmate. You'll never find that half who makes you whole and that goes for everything. Just because you fail once, doesn't mean you're gonna fail at everything. Keep trying, hold on, and always, always, always believe in yourself, because if you don't, then who will, sweetie? So keep your head high, keep your chin up, and most importantly, keep smiling, because life's a beautiful thing and there's so much to smile about.”",sisters,Marilyn Monroe
"“This life is what you make it. No matter what, you're going to mess up sometimes, it's a universal truth. But the good part is you get to decide how you're going to mess it up. Girls will be your friends - they'll act like it anyway. But just remember, some come, some go. The ones that stay with you through everything - they're your true best friends. Don't let go of them. Also remember, sisters make the best friends in the world. As for lovers, well, they'll come and go too. And baby, I hate to say it, most of them - actually pretty much all of them are going to break your heart, but you can't give up because if you give up, you'll never find your soulmate. You'll never find that half who makes you whole and that goes for everything. Just because you fail once, doesn't mean you're gonna fail at everything. Keep trying, hold on, and always, always, always believe in yourself, because if you don't, then who will, sweetie? So keep your head high, keep your chin up, and most importantly, keep smiling, because life's a beautiful thing and there's so much to smile about.”,“If you can make a woman laugh, you can make her do anything.”,“The real lover is the man who can thrill you by kissing your forehead or smiling into your eyes or just staring into space.”",love,Marilyn Monroe
"“This life is what you make it. No matter what, you're going to mess up sometimes, it's a universal truth. But the good part is you get to decide how you're going to mess it up. Girls will be your friends - they'll act like it anyway. But just remember, some come, some go. The ones that stay with you through everything - they're your true best friends. Don't let go of them. Also remember, sisters make the best friends in the world. As for lovers, well, they'll come and go too. And baby, I hate to say it, most of them - actually pretty much all of them are going to break your heart, but you can't give up because if you give up, you'll never find your soulmate. You'll never find that half who makes you whole and that goes for everything. Just because you fail once, doesn't mean you're gonna fail at everything. Keep trying, hold on, and always, always, always believe in yourself, because if you don't, then who will, sweetie? So keep your head high, keep your chin up, and most importantly, keep smiling, because life's a beautiful thing and there's so much to smile about.”",life,Marilyn Monroe
"“This life is what you make it. No matter what, you're going to mess up sometimes, it's a universal truth. But the good part is you get to decide how you're going to mess it up. Girls will be your friends - they'll act like it anyway. But just remember, some come, some go. The ones that stay with you through everything - they're your true best friends. Don't let go of them. Also remember, sisters make the best friends in the world. As for lovers, well, they'll come and go too. And baby, I hate to say it, most of them - actually pretty much all of them are going to break your heart, but you can't give up because if you give up, you'll never find your soulmate. You'll never find that half who makes you whole and that goes for everything. Just because you fail once, doesn't mean you're gonna fail at everything. Keep trying, hold on, and always, always, always believe in yourself, because if you don't, then who will, sweetie? So keep your head high, keep your chin up, and most importantly, keep smiling, because life's a beautiful thing and there's so much to smile about.”",heartbreak,Marilyn Monroe
"“This life is what you make it. No matter what, you're going to mess up sometimes, it's a universal truth. But the good part is you get to decide how you're going to mess it up. Girls will be your friends - they'll act like it anyway. But just remember, some come, some go. The ones that stay with you through everything - they're your true best friends. Don't let go of them. Also remember, sisters make the best friends in the world. As for lovers, well, they'll come and go too. And baby, I hate to say it, most of them - actually pretty much all of them are going to break your heart, but you can't give up because if you give up, you'll never find your soulmate. You'll never find that half who makes you whole and that goes for everything. Just because you fail once, doesn't mean you're gonna fail at everything. Keep trying, hold on, and always, always, always believe in yourself, because if you don't, then who will, sweetie? So keep your head high, keep your chin up, and most importantly, keep smiling, because life's a beautiful thing and there's so much to smile about.”",friends,Marilyn Monroe
"“Imperfection is beauty, madness is genius and it's better to be absolutely ridiculous than absolutely boring.”,“This life is what you make it. No matter what, you're going to mess up sometimes, it's a universal truth. But the good part is you get to decide how you're going to mess it up. Girls will be your friends - they'll act like it anyway. But just remember, some come, some go. The ones that stay with you through everything - they're your true best friends. Don't let go of them. Also remember, sisters make the best friends in the world. As for lovers, well, they'll come and go too. And baby, I hate to say it, most of them - actually pretty much all of them are going to break your heart, but you can't give up because if you give up, you'll never find your soulmate. You'll never find that half who makes you whole and that goes for everything. Just because you fail once, doesn't mean you're gonna fail at everything. Keep trying, hold on, and always, always, always believe in yourself, because if you don't, then who will, sweetie? So keep your head high, keep your chin up, and most importantly, keep smiling, because life's a beautiful thing and there's so much to smile about.”",inspirational,Marilyn Monroe
"“Imperfection is beauty, madness is genius and it's better to be absolutely ridiculous than absolutely boring.”",be-yourself,Marilyn Monroe
"“I have not failed. I've just found 10,000 ways that won't work.”",paraphrased,Thomas A. Edison
"“I have not failed. I've just found 10,000 ways that won't work.”",inspirational,Thomas A. Edison
“It is better to be hated for what you are than to be loved for what you are not.”,life,André Gide
"“I have not failed. I've just found 10,000 ways that won't work.”",failure,Thomas A. Edison
"“I have not failed. I've just found 10,000 ways that won't work.”",edison,Thomas A. Edison
"“A day without sunshine is like, you know, night.”",simile,Steve Martin
"“A day without sunshine is like, you know, night.”",obvious,Steve Martin
"“There are few people whom I really love, and still fewer of whom I think well. The more I see of the world, the more am I dissatisfied with it; and every day confirms my belief of the inconsistency of all human characters, and of the little dependence that can be placed on the appearance of merit or sense.”",jane-austen,Jane Austen
"“A day without sunshine is like, you know, night.”",humor,Steve Martin
"“There are few people whom I really love, and still fewer of whom I think well. The more I see of the world, the more am I dissatisfied with it; and every day confirms my belief of the inconsistency of all human characters, and of the little dependence that can be placed on the appearance of merit or sense.”",elizabeth-bennet,Jane Austen
"“I declare after all there is no enjoyment like reading! How much sooner one tires of any thing than of a book! -- When I have a house of my own, I shall be miserable if I have not an excellent library.”",reading,Jane Austen
"“I declare after all there is no enjoyment like reading! How much sooner one tires of any thing than of a book! -- When I have a house of my own, I shall be miserable if I have not an excellent library.”",library,Jane Austen
"“A lady's imagination is very rapid; it jumps from admiration to love, from love to matrimony in a moment.”",women,Jane Austen
"“A lady's imagination is very rapid; it jumps from admiration to love, from love to matrimony in a moment.”",romantic,Jane Austen
"“There is nothing I would not do for those who are really my friends. I have no notion of loving people by halves, it is not my nature.”,“A lady's imagination is very rapid; it jumps from admiration to love, from love to matrimony in a moment.”",love,Jane Austen
"“There is nothing I would not do for those who are really my friends. I have no notion of loving people by halves, it is not my nature.”",friendship,Jane Austen
"“The person, be it gentleman or lady, who has not pleasure in a good novel, must be intolerably stupid.”,“A lady's imagination is very rapid; it jumps from admiration to love, from love to matrimony in a moment.”",humor,Jane Austen
"“The person, be it gentleman or lady, who has not pleasure in a good novel, must be intolerably stupid.”",classic,Jane Austen
"“The person, be it gentleman or lady, who has not pleasure in a good novel, must be intolerably stupid.”,“I declare after all there is no enjoyment like reading! How much sooner one tires of any thing than of a book! -- When I have a house of my own, I shall be miserable if I have not an excellent library.”",books,Jane Austen
"“The person, be it gentleman or lady, who has not pleasure in a good novel, must be intolerably stupid.”",aliteracy,Jane Austen
“Not all those who wander are lost.”,wander,J.R.R. Tolkien
“Not all those who wander are lost.”,travel,J.R.R. Tolkien
“Some people never go crazy. What truly horrible lives they must lead.”,humor,Charles Bukowski
“There is nothing to writing. All you do is sit down at a typewriter and bleed.”,writing,Ernest Hemingway
“There is nothing to writing. All you do is sit down at a typewriter and bleed.”,good,Ernest Hemingway
“There is no friend as loyal as a book.”,novelist-quotes,Ernest Hemingway
“There is no friend as loyal as a book.”,friends,Ernest Hemingway
“There is no friend as loyal as a book.”,books,Ernest Hemingway
"“If you only read the books that everyone else is reading, you can only think what everyone else is thinking.”",thought,Haruki Murakami
"“If you only read the books that everyone else is reading, you can only think what everyone else is thinking.”",books,Haruki Murakami
"“... a mind needs books as a sword needs a whetstone, if it is to keep its edge.”",mind,George R.R. Martin
"“... a mind needs books as a sword needs a whetstone, if it is to keep its edge.”",books,George R.R. Martin
"“A reader lives a thousand lives before he dies, said Jojen. The man who never reads lives only one.”",reading-books,George R.R. Martin
"“A reader lives a thousand lives before he dies, said Jojen. The man who never reads lives only one.”",reading,George R.R. Martin
"“A reader lives a thousand lives before he dies, said Jojen. The man who never reads lives only one.”",readers,George R.R. Martin
"“A reader lives a thousand lives before he dies, said Jojen. The man who never reads lives only one.”",read,George R.R. Martin
“I have always imagined that Paradise will be a kind of library.”,library,Jorge Luis Borges
“Anyone who thinks sitting in church can make you a Christian must also think that sitting in a garage can make you a car.”,humor,Garrison Keillor
“All you need is love. But a little chocolate now and then doesn't hurt.”,humor,Charles M. Schulz
“All you need is love. But a little chocolate now and then doesn't hurt.”,food,Charles M. Schulz
“All you need is love. But a little chocolate now and then doesn't hurt.”,chocolate,Charles M. Schulz
“It is never too late to be what you might have been.”,inspirational,George Eliot
“Beauty is in the eye of the beholder and it may be necessary from time to time to give a stupid or misinformed beholder a black eye.”,humor,Jim Henson
“Anyone who thinks sitting in church can make you a Christian must also think that sitting in a garage can make you a car.”,religion,Garrison Keillor
“I have always imagined that Paradise will be a kind of library.”,books,Jorge Luis Borges
"“I believe in Christianity as I believe that the sun has risen: not only because I see it, but because by it I see everything else.”",sun,C.S. Lewis
“We read to know we're not alone.”,misattributed-to-c-s-lewis,William Nicholson
"“I believe in Christianity as I believe that the sun has risen: not only because I see it, but because by it I see everything else.”",religion,C.S. Lewis
"“I believe in Christianity as I believe that the sun has risen: not only because I see it, but because by it I see everything else.”",faith,C.S. Lewis
"“I believe in Christianity as I believe that the sun has risen: not only because I see it, but because by it I see everything else.”",christianity,C.S. Lewis
“Some day you will be old enough to start reading fairy tales again.”,growing-up,C.S. Lewis
“We are not necessarily doubting that God will do the best for us; we are wondering how painful the best will turn out to be.”,god,C.S. Lewis
“Some day you will be old enough to start reading fairy tales again.”,fairytales,C.S. Lewis
"“To love at all is to be vulnerable. Love anything and your heart will be wrung and possibly broken. If you want to make sure of keeping it intact you must give it to no one, not even an animal. Wrap it carefully round with hobbies and little luxuries; avoid all entanglements. Lock it up safe in the casket or coffin of your selfishness. But in that casket, safe, dark, motionless, airless, it will change. It will not be broken; it will become unbreakable, impenetrable, irredeemable. To love is to be vulnerable.”",love,C.S. Lewis
“Some day you will be old enough to start reading fairy tales again.”,age,C.S. Lewis
“You can never get a cup of tea large enough or a book long enough to suit me.”,tea,C.S. Lewis
“You can never get a cup of tea large enough or a book long enough to suit me.”,reading,C.S. Lewis
“You can never get a cup of tea large enough or a book long enough to suit me.”,inspirational,C.S. Lewis
“You can never get a cup of tea large enough or a book long enough to suit me.”,books,C.S. Lewis
“Only in the darkness can you see the stars.”,inspirational,Martin Luther King Jr.
"“Love does not begin and end the way we seem to think it does. Love is a battle, love is a war; love is a growing up.”",love,James Baldwin
“Only in the darkness can you see the stars.”,hope,Martin Luther King Jr.
"“He's like a drug for you, Bella.”",romance,Stephenie Meyer
"“He's like a drug for you, Bella.”",drug,Stephenie Meyer
“The difference between genius and stupidity is: genius has its limits.”,misattributed-to-einstein,Alexandre Dumas fils
"“When one door of happiness closes, another opens; but often we look so long at the closed door that we do not see the one which has been opened for us.”",inspirational,Helen Keller
“Life isn't about finding yourself. Life is about creating yourself.”,yourself,George Bernard Shaw
“Life isn't about finding yourself. Life is about creating yourself.”,life,George Bernard Shaw
“Life isn't about finding yourself. Life is about creating yourself.”,inspirational,George Bernard Shaw
"“That's the problem with drinking, I thought, as I poured myself a drink. If something bad happens you drink in an attempt to forget; if something good happens you drink in order to celebrate; and if nothing happens you drink to make something happen.”",alcohol,Charles Bukowski
"“He's like a drug for you, Bella.”",simile,Stephenie Meyer
"“Remember, we're madly in love, so it's all right to kiss me anytime you feel like it.”",humor,Suzanne Collins
“You don’t forget the face of the person who was your last hope.”,the-hunger-games,Suzanne Collins
“Not all those who wander are lost.”,quest,J.R.R. Tolkien
“Not all those who wander are lost.”,lost,J.R.R. Tolkien
“Not all those who wander are lost.”,journey,J.R.R. Tolkien
“Not all those who wander are lost.”,bilbo,J.R.R. Tolkien
“If I had a flower for every time I thought of you...I could walk through my garden forever.”,friendship,Alfred Tennyson
“If I had a flower for every time I thought of you...I could walk through my garden forever.”,love,Alfred Tennyson
“Not all of us can do great things. But we can do small things with great love.”,paraphrased,Mother Teresa
“Not all of us can do great things. But we can do small things with great love.”,misattributed-to-mother-teresa,Mother Teresa
"“If you judge people, you have no time to love them.”",attributed-no-source,Mother Teresa
“Finish each day and be done with it. You have done what you could. Some blunders and absurdities no doubt crept in; forget them as soon as you can. Tomorrow is a new day. You shall begin it serenely and with too high a spirit to be encumbered with your old nonsense.”,regrets,Ralph Waldo Emerson
“Finish each day and be done with it. You have done what you could. Some blunders and absurdities no doubt crept in; forget them as soon as you can. Tomorrow is a new day. You shall begin it serenely and with too high a spirit to be encumbered with your old nonsense.”,life,Ralph Waldo Emerson
“For every minute you are angry you lose sixty seconds of happiness.”,happiness,Ralph Waldo Emerson
"“I love you without knowing how, or when, or from where. I love you simply, without problems or pride: I love you in this way because I do not know any other way of loving but this, in which there is no I or you, so intimate that your hand upon my chest is my hand, so intimate that when I fall asleep your eyes close.”",poetry,Pablo Neruda
"“I love you without knowing how, or when, or from where. I love you simply, without problems or pride: I love you in this way because I do not know any other way of loving but this, in which there is no I or you, so intimate that your hand upon my chest is my hand, so intimate that when I fall asleep your eyes close.”",love,Pablo Neruda
“Life is what happens to us while we are making other plans.”,plans,Allen Saunders
“Life is what happens to us while we are making other plans.”,planning,Allen Saunders
“Life is what happens to us while we are making other plans.”,misattributed-john-lennon,Allen Saunders
“Life is what happens to us while we are making other plans.”,life,Allen Saunders
"“A lie can travel half way around the world while the truth is putting on its shoes.”,“Never tell the truth to people who are not worthy of it.”",truth,Mark Twain
"“It is not a lack of love, but a lack of friendship that makes unhappy marriages.”",unhappy-marriage,Friedrich Nietzsche
"“It is not a lack of love, but a lack of friendship that makes unhappy marriages.”",marriage,Friedrich Nietzsche
"“It is not a lack of love, but a lack of friendship that makes unhappy marriages.”",love,Friedrich Nietzsche
"“I may not have gone where I intended to go, but I think I have ended up where I needed to be.”",navigation,Douglas Adams
"“A person's a person, no matter how small.”",inspirational,Dr. Seuss
"“Think left and think right and think low and think high. Oh, the thinks you can think up if only you try!”",philosophy,Dr. Seuss
“I have heard there are troubles of more than one kind. Some come from ahead and some come from behind. But I've bought a big bat. I'm all ready you see. Now my troubles are going to have troubles with me!”,troubles,Dr. Seuss
"“The more that you read, the more things you will know. The more that you learn, the more places you'll go.”",seuss,Dr. Seuss
"“The more that you read, the more things you will know. The more that you learn, the more places you'll go.”",reading,Dr. Seuss
"“The more that you read, the more things you will know. The more that you learn, the more places you'll go.”",learning,Dr. Seuss
"“Think left and think right and think low and think high. Oh, the thinks you can think up if only you try!”",humor,Dr. Seuss
"“Today you are You, that is truer than true. There is no one alive who is Youer than You.”",life,Dr. Seuss
"“Today you are You, that is truer than true. There is no one alive who is Youer than You.”",comedy,Dr. Seuss
"“I like nonsense, it wakes up the brain cells. Fantasy is a necessary ingredient in living.”",fantasy,Dr. Seuss
"“I may not have gone where I intended to go, but I think I have ended up where I needed to be.”",life,Douglas Adams
"“Today you are You, that is truer than true. There is no one alive who is Youer than You.”",yourself,Dr. Seuss
"“The opposite of love is not hate, it's indifference. The opposite of art is not ugliness, it's indifference. The opposite of faith is not heresy, it's indifference. And the opposite of life is not death, it's indifference.”",philosophy,Elie Wiesel
"“The opposite of love is not hate, it's indifference. The opposite of art is not ugliness, it's indifference. The opposite of faith is not heresy, it's indifference. And the opposite of life is not death, it's indifference.”",love,Elie Wiesel
"“The opposite of love is not hate, it's indifference. The opposite of art is not ugliness, it's indifference. The opposite of faith is not heresy, it's indifference. And the opposite of life is not death, it's indifference.”",opposite,Elie Wiesel
"“The opposite of love is not hate, it's indifference. The opposite of art is not ugliness, it's indifference. The opposite of faith is not heresy, it's indifference. And the opposite of life is not death, it's indifference.”",inspirational,Elie Wiesel
"“The opposite of love is not hate, it's indifference. The opposite of art is not ugliness, it's indifference. The opposite of faith is not heresy, it's indifference. And the opposite of life is not death, it's indifference.”",indifference,Elie Wiesel
"“The opposite of love is not hate, it's indifference. The opposite of art is not ugliness, it's indifference. The opposite of faith is not heresy, it's indifference. And the opposite of life is not death, it's indifference.”",hate,Elie Wiesel
"“The opposite of love is not hate, it's indifference. The opposite of art is not ugliness, it's indifference. The opposite of faith is not heresy, it's indifference. And the opposite of life is not death, it's indifference.”",activism,Elie Wiesel
"“The opposite of love is not hate, it's indifference. The opposite of art is not ugliness, it's indifference. The opposite of faith is not heresy, it's indifference. And the opposite of life is not death, it's indifference.”",apathy,Elie Wiesel
"“It is not a lack of love, but a lack of friendship that makes unhappy marriages.”",lack-of-love,Friedrich Nietzsche
"“It is not a lack of love, but a lack of friendship that makes unhappy marriages.”",lack-of-friendship,Friedrich Nietzsche
"“It is not a lack of love, but a lack of friendship that makes unhappy marriages.”",friendship,Friedrich Nietzsche
“A lie can travel half way around the world while the truth is putting on its shoes.”,misattributed-mark-twain,Mark Twain
“The fear of death follows from the fear of life. A man who lives fully is prepared to die at any time.”,death,Mark Twain
“′Classic′ - a book which people praise and don't read.”,reading,Mark Twain
“′Classic′ - a book which people praise and don't read.”,classic,Mark Twain
“I have never let my schooling interfere with my education.”,education,Mark Twain
"“Good friends, good books, and a sleepy conscience: this is the ideal life.”,“The fear of death follows from the fear of life. A man who lives fully is prepared to die at any time.”",life,Mark Twain
"“Good friends, good books, and a sleepy conscience: this is the ideal life.”",friendship,Mark Twain
"“Good friends, good books, and a sleepy conscience: this is the ideal life.”,“′Classic′ - a book which people praise and don't read.”",books,Mark Twain
"“Good friends, good books, and a sleepy conscience: this is the ideal life.”",contentment,Mark Twain
“Life is what happens to us while we are making other plans.”,fate,Allen Saunders
"“Good friends, good books, and a sleepy conscience: this is the ideal life.”",friends,Mark Twain
“We read to know we're not alone.”,reading,William Nicholson
